Date,NFT Name,ITEM ,Method,Alpha Group,Mint/NFT Cost (ETH),Mint/NFT Cost ($),Gas Fee (ETH),Gas Fees ($),Listing Fee Total (ETH),Listing Fee Total ($),Cost of Trade (ETH),Sell Price (ETH),Breakeven,OS Fee,Royalty Fee,Total Fees (ETH),Initial + Fee (ETH),Eth Expect to Receive,Location,Type,Wallet,Transfer?
01/02/2022,,9268,Mint,NP,0.0690,$261.55,0.0099,$37.55,0.0305,$116.82,0.1094,0.1140,0.1164,2.5%,3.5%,0.0473,0.1163,0.1072,MM Wallet,NFT,Old Wallet,NO
01/02/2022,,9269,Mint,NP,0.0690,$261.55,0.0099,$37.55,0.0000,$0.00,0.0789,0.1230,0.0839,2.5%,3.5%,0.0173,0.0863,0.1156,MM Wallet,NFT,Old Wallet,NO
01/02/2022,,44,Mint,NP,0.0200,$24.35,0.0030,$3.61,0.0009,$1.11,0.0238,0.0730,0.0258,2.5%,5.0%,0.0093,0.0293,0.0675,MM Wallet,NFT,Old Wallet,NO
01/02/2022,,45,Mint,NP,0.0200,$24.35,0.0030,$3.61,0.0000,$0.00,0.0230,0.1190,0.0248,2.5%,5.0%,0.0119,0.0319,0.1101,MM Wallet,NFT,Old Wallet,NO
01/02/2022,,1,Mint,TW,0.0000,$0.00,0.0019,$2.36,0.0010,$1.21,0.0029,,0.0030,2.5%,0.0%,0.0029,0.0029,0.0000,MM Wallet,NFT,Old Wallet,Transfer Sent
01/02/2022,,188,Secondary,NP,0.0250,$30.35,0.0041,$4.99,0.0008,$0.93,0.0299,0.0480,0.0306,2.5%,0.0%,0.0061,0.0311,0.0468,MM Wallet,NFT,Old Wallet,NO
01/02/2022,,1777,Mint,WP,0.0500,$60.89,0.0008,$0.96,0.0011,$1.28,0.0518,0.0780,0.0532,2.5%,0.0%,0.0038,0.0538,0.0761,MM Wallet,NFT,Ledger,
01/02/2022,,1776,Mint,WP,0.0500,$60.89,0.0008,$0.96,0.0000,$0.00,0.0508,0.0890,0.0521,2.5%,0.0%,0.0030,0.0530,0.0868,MM Wallet,NFT,Ledger,
01/02/2022,,1,Mint,WP,0.0000,$0.00,0.0021,$2.57,0.0000,$0.00,0.0021,,0.0023,2.5%,6.9%,0.0021,0.0021,0.0000,MM Wallet,NFT,Ledger,
01/02/2022,,1,Mint,TW,0.0000,$0.00,0.0019,$2.36,0.0010,$1.21,0.0029,,0.0030,2.5%,0.0%,0.0029,0.0029,0.0000,MM Wallet,NFT,Ledger,Transfer Received
01/02/2022,,1,Mint,TW,0.0000,$0.00,0.0018,$2.23,0.0007,$0.90,0.0025,,0.0026,2.5%,0.0%,0.0025,0.0025,0.0000,MM Wallet,NFT,Ledger,Transfer Received
01/02/2022,,1,Mint,TW,0.0000,$0.00,0.0018,$2.23,0.0007,$0.90,0.0025,,0.0026,2.5%,0.0%,0.0025,0.0025,0.0000,MM Wallet,NFT,Burner,NO
01/03/2022,,1338,Mint,AS,0.0000,$0.00,0.0028,$3.39,0.0000,$0.00,0.0028,,0.0031,2.5%,7.5%,0.0028,0.0028,0.0000,MM Wallet,NFT,Old Wallet,NO
01/03/2022,,2265,Mint,WP,0.0066,$7.99,0.0022,$2.68,0.0010,$1.25,0.0098,0.0134,0.0101,2.5%,0.0%,0.0035,0.0101,0.0131,MM Wallet,NFT,Old Wallet,NO
01/03/2022,,4,Mint,NP,0.0000,$0.00,0.0020,$2.36,0.0000,$0.00,0.0020,,0.0022,2.5%,10.0%,0.0020,0.0020,0.0000,MM Wallet,NFT,Ledger,
01/03/2022,,612,Mint,AS,0.0000,$0.00,0.0033,$3.94,0.0000,$0.00,0.0033,,0.0036,2.5%,7.5%,0.0033,0.0033,0.0000,MM Wallet,NFT,Burner,NO
01/04/2022,,939,Mint,WP,0.0071,$8.95,0.0034,$4.29,0.0014,$1.73,0.0119,0.0280,0.0122,2.5%,0.0%,0.0055,0.0126,0.0273,MM Wallet,NFT,Old Wallet,NO
01/04/2022,,473,Mint,WP,0.0071,$8.95,0.0034,$4.29,0.0000,$0.00,0.0105,0.0480,0.0108,2.5%,0.0%,0.0046,0.0117,0.0468,MM Wallet,NFT,Old Wallet,NO
01/04/2022,,467,Mint,WP,0.0071,$8.95,0.0034,$4.29,0.0000,$0.00,0.0105,0.0720,0.0108,2.5%,0.0%,0.0052,0.0123,0.0702,MM Wallet,NFT,Old Wallet,NO
01/04/2022,,427,Mint,WP,0.0071,$8.95,0.0034,$4.29,0.0000,$0.00,0.0105,0.0930,0.0108,2.5%,0.0%,0.0057,0.0129,0.0907,MM Wallet,NFT,Old Wallet,NO
01/04/2022,,2,Mint,NP,0.0030,$3.77,0.0006,$0.80,0.0011,$1.35,0.0047,,0.0052,2.5%,7.0%,0.0017,0.0047,0.0000,MM Wallet,NFT,Ledger,
01/04/2022,,2,Mint,NP,0.0030,$3.77,0.0006,$0.80,0.0000,$0.00,0.0036,,0.0040,2.5%,7.0%,0.0006,0.0036,0.0000,MM Wallet,NFT,Ledger,
01/04/2022,,2,Mint,NP,0.0030,$3.77,0.0006,$0.80,0.0000,$0.00,0.0036,,0.0040,2.5%,7.0%,0.0006,0.0036,0.0000,MM Wallet,NFT,Ledger,
01/04/2022,,2,Mint,NP,0.0030,$3.77,0.0006,$0.80,0.0000,$0.00,0.0036,,0.0040,2.5%,7.0%,0.0006,0.0036,0.0000,MM Wallet,NFT,Ledger,
01/04/2022,,4,Secondary,WP,0.0007,$0.86,0.0030,$3.76,0.0000,$0.00,0.0020,0.0000,0.0022,2.5%,10.0%,0.0020,0.0020,0.0000,MM Wallet,NFT,Ledger,
01/05/2022,,10,Secondary,NP,0.2570,$321.73,0.0034,$4.24,0.0010,$1.30,0.2614,,0.2695,2.5%,0.5%,0.0044,0.2614,0.0000,MM Wallet,NFT,Old Wallet,NO
01/05/2022,,6,Mint,WP,0.0060,$7.49,0.0016,$2.03,0.0000,$0.00,0.0076,,0.0078,2.5%,0.0%,0.0016,0.0076,0.0000,MM Wallet,NFT,Ledger,
01/05/2022,,6,Mint,WP,0.0060,$7.49,0.0016,$2.03,0.0000,$0.00,0.0076,,0.0078,2.5%,0.0%,0.0016,0.0076,0.0000,MM Wallet,NFT,Ledger,
01/05/2022,,4,2nd Market,WP,0.0072,$8.98,0.0045,$5.56,0.0000,$0.00,0.0020,0.0000,0.0022,2.5%,10.0%,0.0020,0.0020,0.0000,MM Wallet,NFT,Ledger,
01/05/2022,,4,Secondary,WP,0.0000,$0.00,0.0032,$3.95,0.0014,$1.77,0.0020,,0.0022,2.5%,10.0%,0.0020,0.0020,0.0000,MM Wallet,NFT,Ledger,
01/06/2022,,781,Mint,WP,0.0800,$101.27,0.0050,$6.36,0.0009,$1.20,0.0860,0.2490,0.0905,2.5%,2.5%,0.0184,0.0984,0.2366,MM Wallet,NFT,Old Wallet,NO
01/07/2022,,2,Mint,MK,0.0440,$55.66,0.0011,$1.41,0.0011,$1.38,0.0462,,0.0528,2.5%,10.0%,0.0022,0.0462,0.0000,MM Wallet,NFT,Old Wallet,Transfer Sent
01/07/2022,,2,Mint,MK,0.0440,$55.66,0.0011,$1.41,0.0007,$0.92,0.0458,,0.0524,2.5%,10.0%,0.0018,0.0458,0.0000,MM Wallet,NFT,Old Wallet,NO
01/07/2022,,2,Mint,MK,0.0440,$55.66,0.0011,$1.41,0.0011,$1.38,0.0462,,0.0528,2.5%,10.0%,0.0022,0.0462,0.0000,MM Wallet,NFT,Ledger,Transfer Received
01/07/2022,,2,Mint,MK,0.0440,$55.66,0.0011,$1.41,0.0007,$0.92,0.0458,,0.0524,2.5%,10.0%,0.0018,0.0458,0.0000,MM Wallet,NFT,Ledger,Transfer Received
01/09/2022,,7340,Mint,NP,0.1500,$475.91,0.0129,$40.72,0.0100,$32.81,0.1729,0.1690,0.1975,2.5%,10.0%,0.0440,0.1940,0.1479,MM Wallet,NFT,Old Wallet,NO
01/09/2022,,7339,Mint,NP,0.1500,$475.91,0.0129,$40.72,0.0000,$0.00,0.1629,0.1780,0.1861,2.5%,10.0%,0.0351,0.1851,0.1558,MM Wallet,NFT,Old Wallet,NO
01/09/2022,,41,Mint,WP,0.1181,$156.65,0.0036,$4.74,0.0000,$0.00,0.1217,,0.1391,2.5%,10.0%,0.0036,0.1217,0.0000,MM Wallet,NFT,Ledger,
01/10/2022,,9199,Secondary,NP,0.1000,$120.04,0.0000,$0.00,0.0008,$0.91,0.1008,,0.1033,2.5%,0.0%,0.0008,0.1008,0.0000,MM Wallet,NFT,Ledger,
01/10/2022,,1543,Mint,NP,0.2000,$614.74,0.0256,$78.66,0.0000,$0.00,0.2256,0.2990,0.2507,2.5%,7.5%,0.0555,0.2555,0.2691,MM Wallet,NFT,Old Wallet,NO
01/10/2022,,48,Mint,TW,0.0440,$58.49,0.0033,$4.36,0.0016,$2.10,0.0489,0.0650,0.0528,2.5%,5.0%,0.0097,0.0537,0.0601,MM Wallet,NFT,Old Wallet,NO
01/10/2022,,11,Mint,MK,0.0330,$46.12,0.0040,$5.65,0.0000,$0.00,0.0370,,0.0423,2.5%,10.0%,0.0040,0.0370,0.0000,MM Wallet,NFT,Ledger,
01/12/2022,,3284,Mint,NP,0.0000,$0.00,0.0020,$2.78,0.0016,$2.43,0.0035,0.0130,0.0036,2.5%,0.0%,0.0039,0.0039,0.0127,MM Wallet,NFT,Ledger,
01/12/2022,,7,Mint,WP,0.0060,$8.50,0.0022,$3.11,0.0000,$0.00,0.0082,,0.0084,2.5%,0.0%,0.0022,0.0082,0.0000,MM Wallet,NFT,Ledger,
01/12/2022,,1,Airdrop,TW,0.0000,$0.00,0.0000,$0.00,0.0008,$1.19,0.0008,,0.0010,2.5%,10.0%,0.0008,0.0008,0.0000,MM Wallet,NFT,Ledger,
01/14/2022,,2274,Mint,NP,0.2500,$818.72,0.0352,$115.27,0.0136,$44.49,0.2988,1.7900,0.3415,2.5%,10.0%,0.2725,0.5225,1.5663,MM Wallet,NFT,Old Wallet,NO
01/14/2022,,2273,Mint,NP,0.2500,$818.72,0.0352,$115.27,0.0000,$0.00,0.2852,1.9870,0.3259,2.5%,10.0%,0.2836,0.5336,1.7386,MM Wallet,NFT,Old Wallet,NO
01/14/2022,,2,Airdrop,MK,0.0000,$0.00,0.0037,$5.68,0.0000,$0.00,0.0037,,0.0038,2.5%,0.0%,0.0037,0.0037,0.0000,MM Wallet,NFT,Old Wallet,Transfer Sent
01/14/2022,,5,Mint,NP,0.0000,$0.00,0.0020,$3.07,0.0000,$0.00,0.0020,,0.0023,2.5%,10.0%,0.0020,0.0020,0.0000,MM Wallet,NFT,Ledger,
01/14/2022,,6,Mint,NP,0.0000,$0.00,0.0019,$2.95,0.0000,$0.00,0.0019,,0.0022,2.5%,10.0%,0.0019,0.0019,0.0000,MM Wallet,NFT,Ledger,
01/14/2022,,2,Airdrop,MK,0.0000,$0.00,0.0037,$5.68,0.0000,$0.00,0.0037,,0.0038,2.5%,0.0%,0.0037,0.0037,0.0000,MM Wallet,NFT,Ledger,Transfer Received
01/16/2022,,1,Mint,YT,0.0690,$231.29,0.0098,$32.76,0.0000,$0.00,0.0788,,0.0852,2.5%,5.0%,0.0098,0.0788,0.0000,MM Wallet,NFT,Old Wallet,Transfer Sent
01/16/2022,,346,Mint,TW,0.0000,$0.00,0.0033,$5.10,0.0012,$1.88,0.0045,0.4900,0.0046,2.5%,0.0%,0.0168,0.0168,0.4778,MM Wallet,NFT,Old Wallet,NO
01/16/2022,,1,Mint,YT,0.0690,$231.29,0.0098,$32.76,0.0000,$0.00,0.0788,,0.0852,2.5%,5.0%,0.0098,0.0788,0.0000,MM Wallet,NFT,Ledger,Transfer Received
01/17/2022,,2,Mint,MK,0.0500,$79.03,0.0065,$10.22,0.0000,$0.00,0.0565,0.0000,0.0579,2.5%,0.0%,0.0065,0.0565,0.0000,MM Wallet,NFT,Ledger,Transfer Sent
01/17/2022,,2,Mint,MK,0.0500,$79.01,0.0017,$2.61,0.0015,$2.33,0.0531,,0.0545,2.5%,0.0%,0.0031,0.0531,0.0000,MM Wallet,NFT,Ledger,
01/17/2022,,2,Mint,MK,0.0500,$79.01,0.0017,$2.61,0.0000,$0.00,0.0517,,0.0530,2.5%,0.0%,0.0017,0.0517,0.0000,MM Wallet,NFT,Ledger,
01/17/2022,,2,Mint,NP,0.0000,$0.00,0.0040,$6.29,0.0000,$0.00,0.0040,,0.0041,2.5%,0.6%,0.0040,0.0040,0.0000,MM Wallet,NFT,Ledger,
01/19/2022,,1,Mint,MK,0.0067,$10.22,0.0034,$5.16,0.0000,$0.00,0.0100,,0.0107,2.5%,4.2%,0.0034,0.0100,0.0000,MM Wallet,NFT,Ledger,
01/20/2022,,3641,Mint,NP,0.0880,$286.06,0.0198,$64.44,0.0046,$14.91,0.1124,1.9280,0.1249,2.5%,7.5%,0.2172,0.3052,1.7352,MM Wallet,NFT,Old Wallet,NO
01/20/2022,,2,Mint,WP,0.0000,$0.00,0.0036,$5.96,0.0000,$0.00,0.0036,0.0000,0.0038,2.5%,2.5%,0.0036,0.0036,0.0000,MM Wallet,NFT,Old Wallet,Transfer Sent
01/20/2022,,4,Mint,MK,0.0000,$0.00,0.0045,$7.29,0.0000,$0.00,0.0045,,0.0051,2.5%,10.0%,0.0045,0.0045,0.0000,MM Wallet,NFT,Ledger,
01/20/2022,,2,Mint,WP,0.0000,$0.00,0.0025,$4.23,0.0000,$0.00,0.0025,,0.0027,2.5%,2.5%,0.0025,0.0025,0.0000,MM Wallet,NFT,Ledger,
01/20/2022,,2,Mint,WP,0.0000,$0.00,0.0034,$5.68,0.0000,$0.00,0.0034,,0.0036,2.5%,2.5%,0.0034,0.0034,0.0000,MM Wallet,NFT,Ledger,
01/20/2022,,2,Mint,WP,0.0000,$0.00,0.0036,$5.96,0.0000,$0.00,0.0036,,0.0038,2.5%,2.5%,0.0036,0.0036,0.0000,MM Wallet,NFT,Ledger,Transfer Received
01/21/2022,,1,Mint,MK,0.0069,$11.44,0.0029,$4.82,0.0000,$0.00,0.0098,0.0000,0.0101,2.5%,0.0%,0.0029,0.0098,0.0000,MM Wallet,NFT,Old Wallet,Transfer Sent
01/21/2022,,1,Mint,MK,0.0500,$82.62,0.0023,$3.82,0.0000,$0.00,0.0523,,0.0634,2.5%,15.0%,0.0023,0.0523,0.0000,MM Wallet,NFT,Ledger,
01/21/2022,,11,Mint,MK,0.0169,$28.02,0.0022,$3.71,0.0000,$0.00,0.0191,,0.0219,2.5%,10.0%,0.0022,0.0191,0.0000,MM Wallet,NFT,Ledger,
01/21/2022,,1,Mint,MK,0.0069,$11.44,0.0029,$4.82,0.0000,$0.00,0.0098,,0.0101,2.5%,0.0%,0.0029,0.0098,0.0000,MM Wallet,NFT,Ledger,Transfer Received
01/22/2022,,24,Mint,MK,0.0044,$719.00,0.0021,$3.50,0.0000,$0.00,0.0065,,0.0075,2.5%,10.0%,0.0021,0.0065,0.0000,MM Wallet,NFT,Ledger,
01/23/2022,,13470,Mint,MK,0.0000,$0.00,0.0032,$5.22,0.0000,$0.00,0.0032,,0.0036,2.5%,10.0%,0.0032,0.0032,0.0000,MM Wallet,NFT,Ledger,
01/23/2022,,114,Mint,MK,0.0000,$0.00,0.0002,$0.31,0.0010,$1.53,0.0012,,0.0012,2.5%,0.0%,0.0012,0.0012,0.0000,MM Wallet,NFT,Ledger,
01/23/2022,,115,Mint,MK,0.0000,$0.00,0.0002,$0.31,0.0000,$0.00,0.0002,,0.0002,2.5%,0.0%,0.0002,0.0002,0.0000,MM Wallet,NFT,Ledger,
01/23/2022,,116,Mint,MK,0.0000,$0.00,0.0002,$0.31,0.0000,$0.00,0.0002,,0.0002,2.5%,0.0%,0.0002,0.0002,0.0000,MM Wallet,NFT,Ledger,
01/23/2022,,117,Mint,MK,0.0000,$0.00,0.0002,$0.31,0.0000,$0.00,0.0002,,0.0002,2.5%,0.0%,0.0002,0.0002,0.0000,MM Wallet,NFT,Ledger,
01/23/2022,,118,Mint,MK,0.0000,$0.00,0.0002,$0.31,0.0000,$0.00,0.0002,,0.0002,2.5%,0.0%,0.0002,0.0002,0.0000,MM Wallet,NFT,Ledger,
01/23/2022,,119,Mint,MK,0.0000,$0.00,0.0002,$0.31,0.0000,$0.00,0.0002,,0.0002,2.5%,0.0%,0.0002,0.0002,0.0000,MM Wallet,NFT,Ledger,
01/23/2022,,120,Mint,MK,0.0000,$0.00,0.0002,$0.31,0.0000,$0.00,0.0002,,0.0002,2.5%,0.0%,0.0002,0.0002,0.0000,MM Wallet,NFT,Ledger,
01/23/2022,,121,Mint,MK,0.0000,$0.00,0.0002,$0.31,0.0000,$0.00,0.0002,,0.0002,2.5%,0.0%,0.0002,0.0002,0.0000,MM Wallet,NFT,Ledger,
01/23/2022,,122,Mint,MK,0.0000,$0.00,0.0002,$0.31,0.0000,$0.00,0.0002,,0.0002,2.5%,0.0%,0.0002,0.0002,0.0000,MM Wallet,NFT,Ledger,
01/23/2022,,123,Mint,MK,0.0000,$0.00,0.0002,$0.31,0.0000,$0.00,0.0002,,0.0002,2.5%,0.0%,0.0002,0.0002,0.0000,MM Wallet,NFT,Ledger,
01/23/2022,,124,Mint,MK,0.0000,$0.00,0.0002,$0.31,0.0000,$0.00,0.0002,,0.0002,2.5%,0.0%,0.0002,0.0002,0.0000,MM Wallet,NFT,Ledger,
01/23/2022,,125,Mint,MK,0.0000,$0.00,0.0002,$0.31,0.0000,$0.00,0.0002,,0.0002,2.5%,0.0%,0.0002,0.0002,0.0000,MM Wallet,NFT,Ledger,
01/23/2022,,126,Mint,MK,0.0000,$0.00,0.0002,$0.31,0.0000,$0.00,0.0002,,0.0002,2.5%,0.0%,0.0002,0.0002,0.0000,MM Wallet,NFT,Ledger,
01/23/2022,,127,Mint,MK,0.0000,$0.00,0.0002,$0.31,0.0000,$0.00,0.0002,,0.0002,2.5%,0.0%,0.0002,0.0002,0.0000,MM Wallet,NFT,Ledger,
01/23/2022,,128,Mint,MK,0.0000,$0.00,0.0002,$0.31,0.0000,$0.00,0.0002,,0.0002,2.5%,0.0%,0.0002,0.0002,0.0000,MM Wallet,NFT,Ledger,
01/23/2022,,129,Mint,MK,0.0000,$0.00,0.0002,$0.31,0.0000,$0.00,0.0002,,0.0002,2.5%,0.0%,0.0002,0.0002,0.0000,MM Wallet,NFT,Ledger,
01/23/2022,,130,Mint,MK,0.0000,$0.00,0.0002,$0.31,0.0000,$0.00,0.0002,,0.0002,2.5%,0.0%,0.0002,0.0002,0.0000,MM Wallet,NFT,Ledger,
01/23/2022,,131,Mint,MK,0.0000,$0.00,0.0002,$0.31,0.0000,$0.00,0.0002,,0.0002,2.5%,0.0%,0.0002,0.0002,0.0000,MM Wallet,NFT,Ledger,
01/23/2022,,132,Mint,MK,0.0000,$0.00,0.0002,$0.31,0.0000,$0.00,0.0002,,0.0002,2.5%,0.0%,0.0002,0.0002,0.0000,MM Wallet,NFT,Ledger,
01/23/2022,,133,Mint,MK,0.0000,$0.00,0.0002,$0.31,0.0000,$0.00,0.0002,,0.0002,2.5%,0.0%,0.0002,0.0002,0.0000,MM Wallet,NFT,Ledger,
01/23/2022,,12,Mint,MK,0.0700,$114.20,0.0025,$4.12,0.0007,$1.13,0.0732,,0.0837,2.5%,10.0%,0.0032,0.0732,0.0000,MM Wallet,NFT,Ledger,
01/24/2022,,1,Mint,MK,0.0060,$9.65,0.0031,$4.99,0.0013,$2.34,0.0104,0.0000,0.0113,2.5%,5.0%,0.0044,0.0104,0.0000,MM Wallet,NFT,Ledger,
01/24/2022,,2,Mint,MK,0.0666,$103.64,0.0028,$4.52,0.0000,$0.00,0.0694,,0.0793,2.5%,10.0%,0.0028,0.0694,0.0000,MM Wallet,NFT,Ledger,
01/24/2022,,2,Mint,MK,0.0000,$0.00,0.0031,$4.90,0.0011,$1.76,0.0042,0.0290,0.0045,2.5%,4.2%,0.0061,0.0061,0.0271,MM Wallet,NFT,Ledger,
01/24/2022,,5,Mint,MK,0.0088,$14.10,0.0007,$1.17,0.0000,$0.00,0.0095,0.0000,0.0109,2.5%,10.0%,0.0007,0.0095,0.0000,MM Wallet,NFT,Ledger,
01/24/2022,,5,Mint,MK,0.0088,$14.10,0.0007,$1.17,0.0000,$0.00,0.0095,0.0000,0.0109,2.5%,10.0%,0.0007,0.0095,0.0000,MM Wallet,NFT,Ledger,
01/24/2022,,5,Mint,MK,0.0088,$14.10,0.0007,$1.17,0.0000,$0.00,0.0095,0.0000,0.0109,2.5%,10.0%,0.0007,0.0095,0.0000,MM Wallet,NFT,Ledger,
01/24/2022,,5,Mint,MK,0.0088,$14.10,0.0007,$1.17,0.0000,$0.00,0.0095,0.0000,0.0109,2.5%,10.0%,0.0007,0.0095,0.0000,MM Wallet,NFT,Ledger,
01/24/2022,,5,Mint,MK,0.0088,$14.10,0.0007,$1.17,0.0000,$0.00,0.0095,0.0000,0.0109,2.5%,10.0%,0.0007,0.0095,0.0000,MM Wallet,NFT,Ledger,
01/27/2022,,3,Airdrop,MK,0.0000,$0.00,0.0000,$0.00,0.0000,$0.00,0.0000,,0.0000,2.5%,6.9%,0.0000,0.0000,0.0000,MM Wallet,NFT,Ledger,
01/27/2022,,8,Airdrop,MK,0.0000,$0.00,0.0000,$0.00,0.0000,$0.00,0.0000,,0.0000,2.5%,6.9%,0.0000,0.0000,0.0000,MM Wallet,NFT,Ledger,
01/27/2022,,6,Mint,MK,0.0000,$0.00,0.0026,$4.14,0.0000,$0.00,0.0026,,0.0030,2.5%,10.0%,0.0026,0.0026,0.0000,MM Wallet,NFT,Ledger,
01/28/2022,,1683,Mint,NP,0.0900,$230.99,0.0177,$45.45,0.0054,$13.78,0.1131,0.1750,0.1222,2.5%,5.0%,0.0362,0.1262,0.1619,MM Wallet,NFT,Old Wallet,NO
01/28/2022,,2080,Mint,NP,0.0900,$230.99,0.0100,$25.85,0.0000,$0.00,0.1000,0.2000,0.1081,2.5%,5.0%,0.0250,0.1150,0.1850,MM Wallet,NFT,Old Wallet,NO
01/28/2022,,2079,Mint,NP,0.0900,$230.99,0.0100,$25.85,0.0000,$0.00,0.1000,0.1980,0.1081,2.5%,5.0%,0.0249,0.1149,0.1832,MM Wallet,NFT,Old Wallet,NO
01/30/2022,,2,Mint,MK,0.0007,$1.08,0.0011,$1.67,0.0000,$0.00,0.0018,,0.0020,2.5%,10.0%,0.0011,0.0018,0.0000,MM Wallet,NFT,Ledger,
01/30/2022,,2,Mint,MK,0.0007,$1.08,0.0011,$1.67,0.0000,$0.00,0.0018,,0.0020,2.5%,10.0%,0.0011,0.0018,0.0000,MM Wallet,NFT,Ledger,
02/01/2022,,4942,Mint,NP,0.2500,$695.46,0.0560,$156.83,0.0163,$45.23,0.3223,0.4188,0.3683,2.5%,10.0%,0.1246,0.3746,0.3665,MM Wallet,NFT,Old Wallet,NO
02/01/2022,,1,Mint,NP,0.2500,$695.46,0.0560,$156.83,0.0000,$0.00,0.3060,0.5480,0.3497,2.5%,10.0%,0.1245,0.3745,0.4795,MM Wallet,NFT,Old Wallet,NO
02/01/2022,,7,Airdrop,MK,0.0000,$0.00,0.0055,$8.70,0.0000,$0.00,0.0055,,0.0063,2.5%,10.0%,0.0055,0.0055,0.0000,MM Wallet,NFT,Ledger,
02/02/2022,,2217,Secondary,NP,0.1350,$366.02,0.0288,$78.02,0.0061,$16.39,0.1698,0.0100,0.1742,2.5%,0.0%,0.0351,0.1701,0.0098,MM Wallet,NFT,Old Wallet,NO
02/04/2022,,2066,Mint,NP,0.1000,$295.56,0.0119,$35.31,0.0051,$15.03,0.1170,0.1690,0.1337,2.5%,10.0%,0.0382,0.1382,0.1479,MM Wallet,NFT,Old Wallet,NO
02/04/2022,,2065,Mint,NP,0.1000,$295.70,0.0132,$38.97,0.0018,$2.20,0.1150,,0.1315,2.5%,10.0%,0.0150,0.1150,0.0000,MM Wallet,NFT,Old Wallet,NO
02/04/2022,,3980,Mint,NP,0.0770,$233.18,0.0090,$26.39,0.0045,$13.60,0.0905,0.1970,0.1005,2.5%,7.5%,0.0332,0.1102,0.1773,MM Wallet,NFT,Old Wallet,NO
02/04/2022,,3981,Mint,NP,0.0770,$233.18,0.0090,$26.39,0.0000,$0.00,0.0860,,0.0956,2.5%,7.5%,0.0090,0.0860,0.0000,MM Wallet,NFT,Old Wallet,NO
02/04/2022,,266,Mint,WP,0.0000,$0.00,0.0047,$7.82,0.0000,$0.00,0.0047,,0.0048,2.5%,0.0%,0.0047,0.0047,0.0000,MM Wallet,NFT,Old Wallet,NO
02/04/2022,,11,Airdrop,MK,0.0000,$0.00,0.0000,$0.00,0.0000,$0.00,0.0000,,0.0000,2.5%,6.9%,0.0000,0.0000,0.0000,MM Wallet,NFT,Ledger,
02/04/2022,,266,Mint,WP,0.0000,$0.00,0.0043,$7.21,0.0000,$0.00,0.0043,,0.0044,2.5%,0.0%,0.0043,0.0043,0.0000,MM Wallet,NFT,Ledger,
02/05/2022,,8142,Mint,NP,0.1500,$454.78,0.0190,$58.00,0.0077,$23.34,0.1767,0.2100,0.1963,2.5%,7.5%,0.0477,0.1977,0.1890,MM Wallet,NFT,Old Wallet,NO
02/05/2022,,8143,Mint,NP,0.1500,$454.78,0.0190,$58.00,0.0000,$0.00,0.1690,0.2240,0.1878,2.5%,7.5%,0.0414,0.1914,0.2016,MM Wallet,NFT,Old Wallet,NO
02/05/2022,,8144,Mint,NP,0.1500,$454.78,0.0190,$58.00,0.0000,$0.00,0.1690,0.2210,0.1878,2.5%,7.5%,0.0411,0.1911,0.1989,MM Wallet,NFT,Old Wallet,NO
02/05/2022,,26,Mint,MK,0.0000,$0.00,0.0027,$4.36,0.0000,$0.00,0.0027,0.0130,0.0031,2.5%,10.0%,0.0043,0.0043,0.0114,MM Wallet,NFT,Old Wallet,NO
02/05/2022,,8064,Airdrop,MK,0.0000,$0.00,0.0022,$3.36,0.0018,$2.79,0.0040,0.2610,0.0042,2.5%,0.0%,0.0106,0.0106,0.2545,MM Wallet,NFT,Old Wallet,Transfer Sent
02/07/2022,,8891,Mint,NP,0.0000,$0.00,0.0137,$42.73,0.0072,$22.57,0.0209,,0.0214,2.5%,0.0%,0.0209,0.0209,0.0000,MM Wallet,NFT,Old Wallet,NO
02/10/2022,,309,Mint,NP,3.0000,$22.54,0.0091,$10.95,0.0026,$3.09,3.0117,6.0000,3.3463,2.5%,7.5%,0.6117,3.6117,5.4000,MM Wallet,NFT,Old Wallet,NO
02/11/2022,,5627,Mint,NP,0.0500,$155.81,0.0102,$31.71,0.0025,$7.89,0.0627,0.1140,0.0717,2.5%,10.0%,0.0270,0.0770,0.0998,MM Wallet,NFT,Old Wallet,NO
02/11/2022,,1080,Secondary,AS,0.0590,$90.00,0.0057,$8.61,0.0012,$1.79,0.0659,0.0200,0.0675,2.5%,0.0%,0.0074,0.0664,0.0195,MM Wallet,NFT,Old Wallet,NO
02/11/2022,,28,Mint,MK,0.0000,$0.00,0.0018,$2.75,0.0015,$2.53,0.0033,,0.0037,2.5%,10.0%,0.0033,0.0033,0.0000,MM Wallet,NFT,Old Wallet,NO
02/11/2022,,5493,Mint,WP,0.0000,$0.00,0.0066,$10.02,0.0016,$2.49,0.0082,0.0009,0.0089,2.5%,5.0%,0.0083,0.0083,0.0008,MM Wallet,NFT,Burner,NO
02/15/2022,,1974,Mint,NP,0.1250,$388.97,0.0070,$22.30,0.0034,$10.60,0.1354,0.1700,0.1504,2.5%,7.5%,0.0274,0.1524,0.1530,MM Wallet,NFT,Old Wallet,NO
02/15/2022,,1973,Mint,YT,0.1250,$388.97,0.0070,$22.30,0.0000,$0.00,0.1320,0.1689,0.1467,2.5%,7.5%,0.0239,0.1489,0.1520,MM Wallet,NFT,Old Wallet,NO
02/16/2022,,7087,Secondary,WP,0.0720,$118.94,0.0051,$8.48,0.0016,$2.63,0.0787,0.0000,0.0900,2.5%,10.0%,0.0067,0.0787,0.0000,MM Wallet,NFT,Old Wallet,NO
02/16/2022,,3731,Secondary,WP,0.0800,$132.29,0.0046,$7.65,0.0000,$0.00,0.0846,0.0000,0.0967,2.5%,10.0%,0.0046,0.0846,0.0000,MM Wallet,NFT,Old Wallet,NO
02/16/2022,,9,Airdrop,MK,0.0000,$0.00,0.0090,$15.26,0.0025,$4.22,0.0115,,0.0132,2.5%,10.0%,0.0115,0.0115,0.0000,MM Wallet,NFT,Ledger,
02/17/2022,,779,Mint,TW,0.1800,$517.12,0.0099,$28.33,0.0053,$15.21,0.1952,0.3500,0.2168,2.5%,7.5%,0.0502,0.2302,0.3150,MM Wallet,NFT,Old Wallet,NO
02/17/2022,,778,Mint,TW,0.1800,$517.12,0.0099,$28.33,0.0000,$0.00,0.1899,0.3100,0.2110,2.5%,7.5%,0.0409,0.2209,0.2790,MM Wallet,NFT,Old Wallet,NO
02/17/2022,,7499,Airdrop,WP,0.0000,$0.00,0.0051,$8.48,0.0000,$0.00,0.0051,0.0870,0.0059,2.5%,10.0%,0.0160,0.0160,0.0761,MM Wallet,NFT,Old Wallet,NO
02/17/2022,,2702,Secondary,AS,0.0525,$89.67,0.0084,$14.40,0.0034,$5.78,0.0643,0.0400,0.0646,0.0%,0.5%,0.0120,0.0645,0.0398,MM Wallet,NFT,Ledger,
02/17/2022,,2655,Secondary,AS,0.0525,$89.67,0.0084,$14.40,0.0000,$0.00,0.0609,0.0390,0.0612,0.0%,0.5%,0.0086,0.0611,0.0388,MM Wallet,NFT,Ledger,
02/18/2022,,8418,Airdrop,WP,0.0000,$1.17,0.0061,$10.42,0.0000,$0.00,0.0061,0.0940,0.0070,2.5%,10.0%,0.0179,0.0179,0.0823,MM Wallet,NFT,Old Wallet,NO
02/19/2022,,10,Airdrop,MK,0.0000,$0.00,0.0043,$7.30,0.0000,$0.00,0.0043,,0.0049,2.5%,10.0%,0.0043,0.0043,0.0000,MM Wallet,NFT,Ledger,
02/19/2022,,745,Secondary,NP,0.1250,$208.00,0.0045,$7.62,0.0010,$1.68,0.1305,0.1540,0.1312,0.0%,0.5%,0.0063,0.1313,0.1532,MM Wallet,NFT,Ledger,
02/21/2022,,483,Mint,NP,1.5000,"$3,866.51",0.0177,$45.71,0.0000,$0.00,1.5177,,1.6408,2.5%,5.0%,0.0177,1.5177,0.0000,MM Wallet,NFT,Old Wallet,Transfer Sent
02/21/2022,,2967,Secondary,NP,0.1100,$284.74,0.0212,$54.83,0.0092,$22.20,0.1404,0.0180,0.1560,2.5%,7.5%,0.0322,0.1422,0.0162,MM Wallet,NFT,Old Wallet,NO
02/21/2022,,4188,Mint,WP,0.2200,$360.33,0.0027,$4.39,0.0022,$3.56,0.2248,0.2970,0.2379,0.5%,5.0%,0.0212,0.2412,0.2807,MM Wallet,NFT,Old Wallet,NO
02/21/2022,,4189,Mint,WP,0.2200,$360.33,0.0027,$4.39,0.0013,$2.05,0.2240,0.3200,0.2370,0.5%,5.0%,0.0216,0.2416,0.3024,MM Wallet,NFT,Old Wallet,NO
02/21/2022,,483,Mint,NP,1.5000,"$3,866.51",0.0177,$45.71,0.0000,$0.00,1.5177,,1.6408,2.5%,5.0%,0.0177,1.5177,0.0000,MM Wallet,NFT,Ledger,Transfer Received
02/22/2022,,3497,Mint,NP,0.0700,$176.72,0.0042,$10.52,0.0038,$9.66,0.0780,0.1485,0.0867,2.5%,7.5%,0.0229,0.0929,0.1337,MM Wallet,NFT,Old Wallet,NO
02/22/2022,,3498,Mint,NP,0.0700,$176.72,0.0042,$10.52,0.0000,$0.00,0.0742,0.1970,0.0824,2.5%,7.5%,0.0239,0.0939,0.1773,MM Wallet,NFT,Old Wallet,NO
02/22/2022,,3499,Mint,NP,0.0700,$176.72,0.0042,$10.52,0.0000,$0.00,0.0742,0.2710,0.0824,2.5%,7.5%,0.0313,0.1013,0.2439,MM Wallet,NFT,Old Wallet,NO
02/22/2022,,30,Mint,MK,0.0000,$0.00,0.0036,$5.89,0.0000,$0.00,0.0036,,0.0041,2.5%,10.0%,0.0036,0.0036,0.0000,MM Wallet,NFT,Old Wallet,NO
02/23/2022,,2767,Mint,YT,0.1800,$484.99,0.0083,$22.26,0.0026,$7.29,0.1909,,0.2182,2.5%,10.0%,0.0109,0.1909,0.0000,MM Wallet,NFT,Old Wallet,Transfer Sent
02/23/2022,,31787,Mint,NP,0.0008,$1.25,0.0059,$9.49,0.0000,$0.00,0.0067,,0.0068,2.5%,0.0%,0.0059,0.0067,0.0000,MM Wallet,NFT,Old Wallet,NO
02/23/2022,,2767,Mint,YT,0.1800,$484.99,0.0083,$22.26,0.0026,$7.29,0.1909,,0.2182,2.5%,10.0%,0.0109,0.1909,0.0000,MM Wallet,NFT,Ledger,Transfer Received
02/23/2022,,31953,Mint,NP,0.0008,$1.25,0.0064,$10.35,0.0000,$0.00,0.0072,,0.0074,2.5%,0.0%,0.0064,0.0072,0.0000,MM Wallet,NFT,Ledger,
02/24/2022,,135,Mint,AZ,0.0070,$11.26,0.0006,$0.99,0.0014,$2.29,0.0090,,0.0093,2.5%,0.0%,0.0020,0.0090,0.0000,MM Wallet,NFT,Old Wallet,NO
02/24/2022,,136,Mint,AZ,0.0070,$11.26,0.0006,$0.99,0.0000,$0.00,0.0076,,0.0078,2.5%,0.0%,0.0006,0.0076,0.0000,MM Wallet,NFT,Old Wallet,NO
02/24/2022,,137,Mint,AZ,0.0070,$11.26,0.0006,$0.99,0.0000,$0.00,0.0076,,0.0078,2.5%,0.0%,0.0006,0.0076,0.0000,MM Wallet,NFT,Old Wallet,NO
02/24/2022,,138,Mint,AZ,0.0070,$11.26,0.0006,$0.99,0.0000,$0.00,0.0076,,0.0078,2.5%,0.0%,0.0006,0.0076,0.0000,MM Wallet,NFT,Old Wallet,NO
02/24/2022,,139,Mint,AZ,0.0070,$11.26,0.0006,$0.99,0.0000,$0.00,0.0076,,0.0078,2.5%,0.0%,0.0006,0.0076,0.0000,MM Wallet,NFT,Old Wallet,NO
02/26/2022,,2201,Secondary,AS,0.0207,$33.13,0.0036,$5.71,0.0011,$1.71,0.0253,0.0279,0.0254,0.0%,0.5%,0.0048,0.0254,0.0278,MM Wallet,NFT,Old Wallet,NO
02/26/2022,,1842,Secondary,AS,0.0207,$33.13,0.0036,$5.71,0.0000,$0.00,0.0242,0.0294,0.0244,0.0%,0.5%,0.0037,0.0244,0.0293,MM Wallet,NFT,Old Wallet,NO
02/26/2022,,1812,Secondary,AS,0.0207,$33.13,0.0036,$5.71,0.0000,$0.00,0.0242,0.0320,0.0244,0.0%,0.5%,0.0037,0.0244,0.0318,MM Wallet,NFT,Old Wallet,NO
02/26/2022,,5,Secondary,AG,0.0050,$8.18,0.0032,$5.17,0.0000,$0.00,0.0082,,0.0093,2.5%,10.0%,0.0032,0.0082,0.0000,MM Wallet,NFT,Ledger,
02/27/2022,,1,Mint,TW,0.0059,$15.37,0.0083,$21.60,0.0058,$15.09,0.0200,,0.0205,2.5%,0.0%,0.0141,0.0200,0.0000,MM Wallet,NFT,Old Wallet,Transfer Sent
02/27/2022,,1,Mint,TW,0.0059,$15.37,0.0083,$21.60,0.0058,$15.09,0.0200,,0.0205,2.5%,0.0%,0.0141,0.0200,0.0000,MM Wallet,NFT,Ledger,Transfer Received
02/28/2022,,530,Mint,WP,0.2697,$438.86,0.0061,$9.87,0.0017,$2.84,0.2775,0.2986,0.2789,0.0%,0.5%,0.0093,0.2790,0.2971,MM Wallet,NFT,Ledger,
03/01/2022,,1594,Mint,YT,0.0700,$207.83,0.0036,$10.58,0.0029,$8.46,0.0765,0.1297,0.0827,2.5%,5.0%,0.0162,0.0862,0.1200,MM Wallet,NFT,Old Wallet,NO
03/01/2022,,1595,Mint,YT,0.0700,$207.83,0.0036,$10.58,0.0000,$0.00,0.0736,0.1970,0.0796,2.5%,5.0%,0.0184,0.0884,0.1822,MM Wallet,NFT,Old Wallet,NO
03/02/2022,,2523,Mint,WP,0.0000,$0.00,0.0036,$5.92,0.0000,$0.00,0.0036,,0.0036,0.0%,0.0%,0.0036,0.0036,0.0000,MM Wallet,NFT,Old Wallet,NO
03/03/2022,,5208,Mint,NP,0.3500,$949.79,0.0096,$25.99,0.0024,$6.62,0.3620,0.6470,0.3914,2.5%,5.0%,0.0605,0.4105,0.5985,MM Wallet,NFT,Old Wallet,NO
03/03/2022,,502,Secondary,WP,0.0295,$46.28,0.0048,$7.53,0.0022,$3.51,0.0365,0.0390,0.0385,0.0%,5.0%,0.0090,0.0385,0.0371,MM Wallet,NFT,Old Wallet,NO
03/04/2022,,2878,Mint,YT,0.6000,"$1,571.83",0.0159,$41.76,0.0022,$5.69,0.6181,,0.6611,2.5%,4.0%,0.0181,0.6181,0.0000,MM Wallet,NFT,Old Wallet,Transfer Sent
03/04/2022,,1593,Mint,TW,0.0880,$230.23,0.0032,$8.50,0.0028,$7.22,0.0940,0.1980,0.1044,2.5%,7.5%,0.0258,0.1138,0.1782,MM Wallet,NFT,Old Wallet,NO
03/04/2022,,1594,Mint,TW,0.0880,$230.23,0.0032,$8.50,0.0000,$0.00,0.0912,0.1890,0.1013,2.5%,7.5%,0.0221,0.1101,0.1701,MM Wallet,NFT,Old Wallet,NO
03/04/2022,,2878,Mint,YT,0.6000,"$1,571.83",0.0159,$41.76,0.0022,$5.69,0.6181,,0.6611,2.5%,4.0%,0.0181,0.6181,0.0000,MM Wallet,NFT,Ledger,Transfer Received
03/06/2022,,3,Mint,MK,0.0007,$1.08,0.0035,$5.46,0.0000,$0.00,0.0042,,0.0051,2.5%,15.0%,0.0035,0.0042,0.0000,MM Wallet,NFT,Ledger,
03/07/2022,,22754,Mint,WP,0.0008,$1.22,0.0006,$0.99,0.0000,$0.00,0.0014,,0.0014,0.0%,0.0%,0.0006,0.0014,0.0000,MM Wallet,NFT,Old Wallet,NO
03/07/2022,,22755,Mint,WP,0.0008,$1.22,0.0006,$0.99,0.0000,$0.00,0.0014,,0.0014,0.0%,0.0%,0.0006,0.0014,0.0000,MM Wallet,NFT,Old Wallet,NO
03/07/2022,,22756,Mint,WP,0.0008,$1.22,0.0006,$0.99,0.0000,$0.00,0.0014,,0.0014,0.0%,0.0%,0.0006,0.0014,0.0000,MM Wallet,NFT,Old Wallet,NO
03/07/2022,,22757,Mint,WP,0.0008,$1.22,0.0006,$0.99,0.0000,$0.00,0.0014,,0.0014,0.0%,0.0%,0.0006,0.0014,0.0000,MM Wallet,NFT,Old Wallet,NO
03/07/2022,,22758,Mint,WP,0.0008,$1.22,0.0006,$0.99,0.0000,$0.00,0.0014,,0.0014,0.0%,0.0%,0.0006,0.0014,0.0000,MM Wallet,NFT,Old Wallet,NO
03/07/2022,,4745,Mint,NP,0.0870,$245.75,0.0073,$11.44,0.0000,$0.00,0.0943,0.1290,0.1000,0.0%,5.7%,0.0147,0.1017,0.1216,MM Wallet,NFT,Old Wallet,NO
03/07/2022,,22726,Mint,WP,0.0008,$1.22,0.0007,$1.04,0.0000,$0.00,0.0014,,0.0015,2.5%,0.0%,0.0007,0.0014,0.0000,MM Wallet,NFT,Ledger,
03/07/2022,,22727,Mint,WP,0.0008,$1.22,0.0007,$1.04,0.0000,$0.00,0.0014,,0.0015,2.5%,0.0%,0.0007,0.0014,0.0000,MM Wallet,NFT,Ledger,
03/07/2022,,22728,Mint,WP,0.0008,$1.22,0.0007,$1.04,0.0000,$0.00,0.0014,,0.0015,2.5%,0.0%,0.0007,0.0014,0.0000,MM Wallet,NFT,Ledger,
03/07/2022,,22729,Mint,WP,0.0008,$1.22,0.0007,$1.04,0.0000,$0.00,0.0014,,0.0015,2.5%,0.0%,0.0007,0.0014,0.0000,MM Wallet,NFT,Ledger,
03/07/2022,,22730,Mint,WP,0.0008,$1.22,0.0007,$1.04,0.0000,$0.00,0.0014,,0.0015,2.5%,0.0%,0.0007,0.0014,0.0000,MM Wallet,NFT,Ledger,
03/08/2022,,7234,Secondary,NP,0.0299,$45.60,0.0080,$13.92,0.0017,$2.42,0.0396,0.0055,0.0417,0.0%,5.0%,0.0100,0.0399,0.0052,MM Wallet,NFT,Old Wallet,NO
03/08/2022,,7235,Secondary,NP,0.0299,$45.60,0.0080,$13.92,0.0000,$0.00,0.0379,0.0055,0.0399,0.0%,5.0%,0.0083,0.0382,0.0052,MM Wallet,NFT,Old Wallet,NO
03/08/2022,,7928,Secondary,NP,0.1000,$155.15,0.0085,$13.18,0.0027,$4.12,0.1112,0.1200,0.1117,0.0%,0.5%,0.0118,0.1118,0.1194,MM Wallet,NFT,Ledger,
03/08/2022,,6810,Secondary,NP,0.5900,$917.13,0.0066,$10.32,0.0000,$0.00,0.5966,0.6440,0.5996,0.0%,0.5%,0.0099,0.5999,0.6408,MM Wallet,NFT,Ledger,
03/08/2022,,7690,Secondary,NP,0.5500,$825.81,0.0041,$6.42,0.0000,$0.00,0.5541,0.1199,0.5569,0.0%,0.5%,0.0047,0.5547,0.1193,MM Wallet,NFT,Ledger,
03/09/2022,,7415,Airdrop,NP,0.0000,$0.00,0.0000,$0.00,0.0029,$8.09,0.0029,,0.0031,2.5%,5.0%,0.0029,0.0029,0.0000,MM Wallet,NFT,Ledger,Transfer Received
03/09/2022,,6782,Secondary,NP,0.7450,"$1,936.81",0.0130,$33.70,0.0291,$82.10,0.7871,0.9490,0.8329,2.5%,3.0%,0.0943,0.8393,0.8968,MM Wallet,NFT,Ledger,NO
03/09/2022,,7,Airdrop,MK,0.0000,$0.00,0.0000,$0.00,0.0000,$0.00,0.0000,,0.0000,2.5%,5.0%,0.0000,0.0000,0.0000,MM Wallet,NFT,Ledger,
03/09/2022,,39580,Airdrop,MK,0.0000,$13.37,0.0009,$1.27,0.0000,$0.00,0.0009,,0.0010,2.5%,10.0%,0.0009,0.0009,0.0000,MM Wallet,NFT,Ledger,
03/09/2022,,39581,Airdrop,MK,0.0000,$0.00,0.0000,$0.00,0.0000,$0.00,0.0000,,0.0000,2.5%,10.0%,0.0000,0.0000,0.0000,MM Wallet,NFT,Ledger,
03/09/2022,,39582,Airdrop,MK,0.0000,$0.00,0.0000,$0.00,0.0000,$0.00,0.0000,,0.0000,2.5%,10.0%,0.0000,0.0000,0.0000,MM Wallet,NFT,Ledger,
03/09/2022,,39583,Airdrop,MK,0.0000,$0.00,0.0000,$0.00,0.0000,$0.00,0.0000,,0.0000,2.5%,10.0%,0.0000,0.0000,0.0000,MM Wallet,NFT,Ledger,
03/09/2022,,39584,Airdrop,MK,0.0000,$0.00,0.0000,$0.00,0.0000,$0.00,0.0000,,0.0000,2.5%,10.0%,0.0000,0.0000,0.0000,MM Wallet,NFT,Ledger,
03/10/2022,,4026,Mint,NP,0.1500,$391.48,0.0018,$4.76,0.0023,$5.97,0.1541,0.2498,0.1761,2.5%,10.0%,0.0353,0.1853,0.2186,MM Wallet,NFT,Old Wallet,NO
03/10/2022,,4027,Mint,NP,0.1500,$391.48,0.0018,$4.76,0.0000,$0.00,0.1518,0.2340,0.1735,2.5%,10.0%,0.0311,0.1811,0.2048,MM Wallet,NFT,Old Wallet,NO
03/10/2022,,248,Mint,AS,0.4000,$22.54,0.0082,$9.56,0.0025,$2.83,0.4107,4.0000,0.4563,2.5%,7.5%,0.4107,0.8107,3.6000,MM Wallet,NFT,Old Wallet,NO
03/10/2022,,412,Secondary,WP,0.0129,$35.20,0.0080,$11.29,0.0020,$2.81,0.0229,0.0060,0.0230,0.0%,0.5%,0.0100,0.0229,0.0060,MM Wallet,NFT,Ledger,
03/10/2022,,186,Secondary,WP,0.0250,$53.48,0.0066,$9.43,0.0000,$0.00,0.0316,0.0049,0.0318,0.0%,0.5%,0.0066,0.0316,0.0049,MM Wallet,NFT,Ledger,
03/10/2022,,188,Secondary,WP,0.0250,$53.48,0.0066,$9.43,0.0000,$0.00,0.0316,0.0020,0.0318,0.0%,0.5%,0.0066,0.0316,0.0020,MM Wallet,NFT,Ledger,
03/14/2022,,2230,Mint,NP,0.1500,$379.30,0.0042,$10.60,0.0033,$8.30,0.1575,0.4469,0.1759,2.5%,8.0%,0.0544,0.2044,0.4000,MM Wallet,NFT,Old Wallet,NO
03/16/2022,,1,Mint,NP,1.0000,"$2,662.03",0.0036,$9.47,0.0021,$5.61,1.0057,1.1490,1.0872,2.5%,5.0%,0.0919,1.0919,1.0628,MM Wallet,NFT,Old Wallet,NO
03/16/2022,,3654,Mint,NP,0.0880,$0.00,0.0021,$5.88,0.0021,$5.79,0.0922,0.1210,0.1024,2.5%,7.5%,0.0163,0.1043,0.1089,MM Wallet,NFT,Old Wallet,NO
03/16/2022,,3655,Mint,NP,0.0880,$0.00,0.0021,$5.88,0.0000,$0.00,0.0901,0.1279,0.1001,2.5%,7.5%,0.0149,0.1029,0.1151,MM Wallet,NFT,Old Wallet,NO
03/16/2022,,3656,Mint,NP,0.0880,$0.00,0.0021,$5.88,0.0000,$0.00,0.0901,0.1276,0.1001,2.5%,7.5%,0.0149,0.1029,0.1148,MM Wallet,NFT,Old Wallet,NO
03/16/2022,,1,Mint,NP,1.0000,"$2,642.73",0.0039,$10.19,0.0000,$0.00,1.0039,1.4820,1.0852,2.5%,5.0%,0.1150,1.1150,1.3709,MM Wallet,NFT,Ledger,NO
03/22/2022,,224,Mint,NP,0.0600,$105.36,0.0033,$5.77,0.0016,$2.85,0.0649,0.2449,0.0702,0.0%,7.5%,0.0233,0.0833,0.2265,MM Wallet,NFT,Ledger,
03/25/2022,,1003,Mint,LV,0.2000,$631.18,0.0100,$31.71,0.0000,$0.00,0.2100,0.5850,0.2334,2.5%,7.5%,0.0685,0.2685,0.5265,MM Wallet,NFT,Old Wallet,NO
03/25/2022,,2394,Secondary,LV,0.3290,"$1,021.82",0.0097,$30.21,0.0013,$4.04,0.3400,0.4590,0.3778,2.5%,7.5%,0.0569,0.3859,0.4131,MM Wallet,NFT,Old Wallet,NO
03/25/2022,,266,Secondary,LV,0.4990,"$1,552.51",0.0109,$33.88,0.0000,$0.00,0.5099,,0.5665,2.5%,7.5%,0.0109,0.5099,0.0000,MM Wallet,NFT,Old Wallet,NO
03/25/2022,,5,Airdrop,MK,0.0000,$1.21,0.0036,$6.29,0.0000,$0.00,0.0036,,0.0037,0.0%,4.2%,0.0036,0.0036,0.0000,MM Wallet,NFT,Ledger,
03/30/2022,,94,Mint,NP,0.0000,$0.00,0.0028,$5.09,0.0014,$2.50,0.0042,0.0100,0.0045,0.0%,6.0%,0.0048,0.0048,0.0094,MM Wallet,NFT,Old Wallet,NO
03/31/2022,,1,Airdrop,NP,0.0000,$0.00,0.0000,$0.00,0.0017,$3.79,0.0017,0.0860,0.0018,0.0%,0.5%,0.0022,0.0022,0.0856,MM Wallet,NFT,Ledger,
03/31/2022,,7,Airdrop,NP,0.0000,$0.00,0.0000,$0.00,0.0000,$0.00,0.0000,0.4790,0.0000,0.0%,0.5%,0.0024,0.0024,0.4766,MM Wallet,NFT,Ledger,
04/02/2022,,132,Airdrop,NP,0.0000,$0.00,0.0000,$0.00,0.0010,$1.76,0.0010,0.0120,0.0010,0.0%,0.5%,0.0010,0.0010,0.0119,MM Wallet,NFT,Old Wallet,NO
04/03/2022,,287,Mint,NP,0.0007,$1.26,0.0040,$7.19,0.0014,$2.59,0.0061,,0.0064,0.0%,5.0%,0.0054,0.0061,0.0000,MM Wallet,NFT,Old Wallet,NO
04/04/2022,,469,Mint,NP,0.1200,$224.42,0.0183,$34.14,0.0000,$0.00,0.1383,0.2170,0.1495,0.0%,7.5%,0.0345,0.1545,0.2007,MM Wallet,NFT,Ledger,
04/04/2022,,821,Secondary,WP,0.0750,$140.23,0.0138,$25.72,0.0042,$7.86,0.0930,,0.0930,0.0%,0.0%,0.0180,0.0930,0.0000,MM Wallet,NFT,Ledger,
04/07/2022,,2807,Mint,LV,0.1500,$478.90,0.0116,$37.02,0.0081,$25.92,0.1697,0.4970,0.1876,2.5%,7.0%,0.0670,0.2170,0.4498,MM Wallet,NFT,Old Wallet,NO
04/07/2022,,2808,Mint,LV,0.1500,$478.90,0.0116,$37.02,0.0000,$0.00,0.1616,0.5680,0.1786,2.5%,7.0%,0.0656,0.2156,0.5140,MM Wallet,NFT,Old Wallet,NO
04/07/2022,,35,Mint,NP,0.0007,$1.28,0.0037,$6.82,0.0000,$0.00,0.0044,,0.0051,2.5%,12.5%,0.0037,0.0044,0.0000,MM Wallet,NFT,Old Wallet,NO
04/09/2022,,8,Secondary,NP,0.1000,$301.03,0.0080,$24.23,0.0075,$14.50,0.1156,,0.1321,2.5%,10.0%,0.0156,0.1156,0.0000,MM Wallet,NFT,Old Wallet,Transfer Sent
04/09/2022,,8,Secondary,NP,0.1000,$301.03,0.0080,$24.23,0.0075,$14.50,0.1156,,0.1321,2.5%,10.0%,0.0156,0.1156,0.0000,MM Wallet,NFT,Ledger,Transfer Received
04/10/2022,,700,Mint,NP,0.3300,$22.54,0.0078,$8.99,0.0000,$0.00,0.3378,3.5000,0.3728,2.5%,6.9%,0.3368,0.6668,3.1710,MM Wallet,NFT,Old Wallet,NO
04/11/2022,,553,Mint,NP,0.0375,$113.46,0.0104,$31.49,0.0023,$6.91,0.0502,0.0790,0.0515,2.5%,0.0%,0.0147,0.0522,0.0770,MM Wallet,NFT,Old Wallet,NO
04/11/2022,,553,Mint,NP,0.0375,$113.46,0.0104,$31.49,0.0028,$8.45,0.0507,0.0550,0.0520,2.5%,0.0%,0.0146,0.0521,0.0536,MM Wallet,NFT,Old Wallet,NO
04/12/2022,,6177,Mint,NP,0.0000,$0.00,0.0016,$3.08,0.0000,$0.00,0.0016,,0.0016,0.0%,0.0%,0.0016,0.0016,0.0000,MM Wallet,NFT,Old Wallet,NO
04/12/2022,,3931,Secondary,AS,0.0105,$20.18,0.0047,$9.06,0.0013,$2.52,0.0165,0.0007,0.0176,0.0%,6.3%,0.0061,0.0166,0.0007,MM Wallet,NFT,Old Wallet,NO
04/12/2022,,3929,Secondary,AS,0.0105,$20.18,0.0047,$9.06,0.0000,$0.00,0.0152,0.0007,0.0162,0.0%,6.3%,0.0048,0.0153,0.0007,MM Wallet,NFT,Old Wallet,NO
04/12/2022,,3926,Secondary,AS,0.0105,$20.18,0.0047,$9.06,0.0000,$0.00,0.0152,0.0014,0.0162,0.0%,6.3%,0.0048,0.0153,0.0013,MM Wallet,NFT,Old Wallet,NO
04/12/2022,,3938,Secondary,AS,0.0105,$20.18,0.0047,$9.06,0.0000,$0.00,0.0152,0.0007,0.0162,0.0%,6.3%,0.0048,0.0153,0.0007,MM Wallet,NFT,Old Wallet,NO
04/14/2022,,5302,Mint,NP,0.2500,$753.83,0.0124,$37.52,0.0034,$10.36,0.2659,0.3600,0.2938,2.5%,7.0%,0.0501,0.3001,0.3258,MM Wallet,NFT,Old Wallet,NO
04/14/2022,,4242,Secondary,NP,0.1580,$329.64,0.0070,$14.55,0.0017,$3.57,0.1667,,0.1786,2.5%,4.2%,0.0087,0.1667,0.0000,MM Wallet,NFT,Ledger,
04/14/2022,,9491,Secondary,NP,0.1080,$232.66,0.0059,$12.34,0.0000,$0.00,0.1139,,0.1221,2.5%,4.2%,0.0059,0.1139,0.0000,MM Wallet,NFT,Ledger,
04/14/2022,,5781,Secondary,NP,0.1269,$264.94,0.0034,$7.14,0.0000,$0.00,0.1303,,0.1397,2.5%,4.2%,0.0034,0.1303,0.0000,MM Wallet,NFT,Ledger,
04/14/2022,,7096,Secondary,NP,0.0970,$202.95,0.0038,$7.98,0.0000,$0.00,0.1008,,0.1080,2.5%,4.2%,0.0038,0.1008,0.0000,MM Wallet,NFT,Ledger,
04/14/2022,,8628,Secondary,NP,0.0970,$202.95,0.0038,$7.98,0.0000,$0.00,0.1008,,0.1080,2.5%,4.2%,0.0038,0.1008,0.0000,MM Wallet,NFT,Ledger,
04/15/2022,,159,Mint,MK,0.0000,$0.00,0.0044,$9.19,0.0018,$3.78,0.0062,,0.0071,2.5%,10.0%,0.0062,0.0062,0.0000,MM Wallet,NFT,Old Wallet,NO
04/15/2022,,1608,Secondary,WP,0.0340,$71.44,0.0050,$10.51,0.0014,$2.92,0.0404,0.0262,0.0404,0.0%,0.0%,0.0064,0.0404,0.0262,MM Wallet,NFT,Ledger,
04/17/2022,,2257,Secondary,NP,0.1200,$368.52,0.0088,$26.94,0.0014,$4.26,0.1302,0.1469,0.1370,2.5%,2.5%,0.0175,0.1375,0.1396,MM Wallet,NFT,Old Wallet,NO
04/17/2022,,267,Mint,MK,0.0005,$1.04,0.0057,$11.90,0.0000,$0.00,0.0062,,0.0064,2.5%,0.0%,0.0057,0.0062,0.0000,MM Wallet,NFT,Ledger,
04/19/2022,,3185,Mint,NP,0.0927,$289.19,0.0052,$16.17,0.0021,$6.67,0.1000,0.1249,0.1082,2.5%,5.0%,0.0167,0.1094,0.1155,MM Wallet,NFT,Old Wallet,NO
04/22/2022,,435,Secondary,NP,0.2690,$797.06,0.0116,$34.27,0.0036,$8.06,0.2842,0.0070,0.3248,2.5%,10.0%,0.0161,0.2851,0.0061,MM Wallet,NFT,Old Wallet,NO
04/22/2022,,7345,Secondary,NP,0.2590,$767.43,0.0099,$29.42,0.0000,$0.00,0.2689,0.0070,0.3073,2.5%,10.0%,0.0108,0.2698,0.0061,MM Wallet,NFT,Old Wallet,NO
04/22/2022,,10169,Secondary,NP,2.1000,"$7,128.38",0.0077,$22.78,0.0053,$15.84,2.1130,4.6900,2.2843,2.5%,5.0%,0.3648,2.4648,4.3383,MM Wallet,NFT,Ledger,NO
04/25/2022,,486,Mint,AS,0.0390,$70.74,0.0042,$7.56,0.0033,$6.04,0.0465,0.0550,0.0465,0.0%,0.0%,0.0075,0.0465,0.0550,MM Wallet,NFT,Old Wallet,NO
04/25/2022,,487,Mint,AS,0.0390,$70.74,0.0042,$7.56,0.0000,$0.00,0.0432,,0.0443,2.5%,0.0%,0.0042,0.0432,0.0000,MM Wallet,NFT,Old Wallet,NO
04/27/2022,,1334,Mint,NP,0.2000,$576.78,0.0054,$15.53,0.0000,$0.00,0.2054,0.0670,0.2220,2.5%,5.0%,0.0104,0.2104,0.0620,MM Wallet,NFT,Old Wallet,NO
04/27/2022,,1000423,Mint,MK,0.0000,$0.00,0.0061,$11.63,0.0000,$0.00,0.0061,,0.0063,2.5%,0.0%,0.0061,0.0061,0.0000,MM Wallet,NFT,Old Wallet,NO
05/01/2022,,96883,Mint,NP,2.9349,"$8,298.48",1.0946,"$3,040.37",0.0111,$30.81,4.0406,7.8800,4.3682,2.5%,5.0%,1.6967,4.6316,7.2890,MM Wallet,NFT,Ledger,NO
05/01/2022,,96884,Mint,NP,2.9349,"$8,298.48",1.0946,"$3,040.37",0.0014,$1.67,4.0310,1.5400,4.1556,2.5%,0.5%,1.1423,4.0772,1.4938,MM Wallet,NFT,Ledger,NO
05/10/2022,,4307,Mint,LV,0.2500,$22.54,0.0078,$8.99,0.0000,$0.00,0.2578,2.9000,0.2845,2.5%,6.9%,0.2804,0.5304,2.6274,MM Wallet,NFT,Old Wallet,NO
05/16/2022,,968,Secondary,NP,0.0180,$36.52,0.0051,$10.33,0.0008,$1.54,0.0239,0.0470,0.0273,2.5%,10.0%,0.0117,0.0297,0.0411,MM Wallet,NFT,Old Wallet,NO
05/17/2022,,26861,Mint,NP,0.0000,$0.00,0.0022,$4.70,0.0014,$2.89,0.0036,0.0092,0.0041,2.5%,10.0%,0.0048,0.0048,0.0081,MM Wallet,NFT,Old Wallet,NO
05/18/2022,,26861,Mint,NP,0.0000,$0.00,0.0056,$10.99,0.0018,$3.44,0.0074,0.0146,0.0084,2.5%,10.0%,0.0092,0.0092,0.0128,MM Wallet,NFT,Ledger,NO
05/20/2022,,1641,Secondary,NP,0.0070,$13.73,0.0058,$11.36,0.0000,$0.00,0.0128,,0.0146,2.5%,10.0%,0.0058,0.0128,0.0000,MM Wallet,NFT,Old Wallet,NO
05/20/2022,,9398,Mint,NP,0.0580,$112.87,0.0168,$32.72,0.0009,$1.83,0.0757,0.2200,0.0841,2.5%,7.5%,0.0397,0.0977,0.1980,MM Wallet,NFT,Ledger,NO
05/21/2022,,8878,Mint,NP,0.0000,$0.00,0.0071,$13.83,0.0030,$5.83,0.0100,0.1360,0.0112,2.5%,7.5%,0.0236,0.0236,0.1224,MM Wallet,NFT,Old Wallet,NO
05/22/2022,,1465,Secondary,NP,0.0199,$39.92,0.0033,$6.58,0.0000,$0.00,0.0232,0.0294,0.0238,2.5%,0.0%,0.0040,0.0239,0.0287,MM Wallet,NFT,Old Wallet,NO
05/22/2022,,1451,Secondary,NP,0.0020,$4.09,0.0045,$9.26,0.0013,$2.55,0.0078,0.0197,0.0081,2.5%,2.0%,0.0067,0.0087,0.0188,MM Wallet,NFT,Old Wallet,NO
05/22/2022,,3523,Secondary,NP,0.0040,$8.15,0.0069,$14.07,0.0000,$0.00,0.0109,0.0135,0.0114,2.5%,2.0%,0.0075,0.0115,0.0129,MM Wallet,NFT,Old Wallet,NO
05/24/2022,,4688,Secondary,NP,0.0020,$10.11,0.0051,$10.11,0.0008,$1.57,0.0079,,0.0081,2.5%,0.0%,0.0059,0.0079,0.0000,MM Wallet,NFT,Old Wallet,NO
05/25/2022,,5185,Secondary,NP,0.2150,$417.17,0.0049,$9.46,0.0019,$3.68,0.2218,0.2997,0.2334,2.5%,2.5%,0.0218,0.2368,0.2847,MM Wallet,NFT,Old Wallet,NO
05/27/2022,,7891,Secondary,NP,0.0290,$20.24,0.0215,$33.31,0.0039,$6.82,0.0545,,0.0589,2.5%,5.0%,0.0255,0.0545,0.0000,MM Wallet,NFT,Old Wallet,NO
05/27/2022,,5807,Secondary,NP,0.0090,$15.69,0.0101,$17.52,0.0000,$0.00,0.0191,,0.0206,2.5%,5.0%,0.0101,0.0191,0.0000,MM Wallet,NFT,Old Wallet,NO
05/27/2022,,5263,Mint,NP,0.0000,$0.00,0.0006,$0.97,0.0020,$3.42,0.0025,,0.0029,2.5%,10.0%,0.0025,0.0025,0.0000,MM Wallet,NFT,Old Wallet,NO
05/27/2022,,5264,Mint,NP,0.0000,$0.00,0.0006,$0.97,0.0000,$0.00,0.0006,,0.0006,2.5%,10.0%,0.0006,0.0006,0.0000,MM Wallet,NFT,Old Wallet,NO
05/27/2022,,5265,Mint,NP,0.0000,$0.00,0.0006,$0.97,0.0000,$0.00,0.0006,,0.0006,2.5%,10.0%,0.0006,0.0006,0.0000,MM Wallet,NFT,Old Wallet,NO
05/27/2022,,5266,Mint,NP,0.0000,$0.00,0.0006,$0.97,0.0000,$0.00,0.0006,,0.0006,2.5%,10.0%,0.0006,0.0006,0.0000,MM Wallet,NFT,Old Wallet,NO
05/27/2022,,5267,Mint,NP,0.0000,$0.00,0.0006,$0.97,0.0000,$0.00,0.0006,,0.0006,2.5%,10.0%,0.0006,0.0006,0.0000,MM Wallet,NFT,Old Wallet,NO
05/27/2022,,5268,Mint,NP,0.0000,$0.00,0.0006,$0.97,0.0000,$0.00,0.0006,,0.0006,2.5%,10.0%,0.0006,0.0006,0.0000,MM Wallet,NFT,Old Wallet,NO
05/27/2022,,5269,Mint,NP,0.0000,$0.00,0.0006,$0.97,0.0000,$0.00,0.0006,,0.0006,2.5%,10.0%,0.0006,0.0006,0.0000,MM Wallet,NFT,Old Wallet,NO
05/27/2022,,5270,Mint,NP,0.0000,$0.00,0.0006,$0.97,0.0000,$0.00,0.0006,,0.0006,2.5%,10.0%,0.0006,0.0006,0.0000,MM Wallet,NFT,Old Wallet,NO
05/27/2022,,5271,Mint,NP,0.0000,$0.00,0.0006,$0.97,0.0000,$0.00,0.0006,,0.0006,2.5%,10.0%,0.0006,0.0006,0.0000,MM Wallet,NFT,Old Wallet,NO
05/27/2022,,5272,Mint,NP,0.0000,$0.00,0.0006,$0.97,0.0000,$0.00,0.0006,,0.0006,2.5%,10.0%,0.0006,0.0006,0.0000,MM Wallet,NFT,Old Wallet,NO
05/28/2022,,30,Mint,NP,0.0000,$0.00,0.0021,$3.72,0.0007,$1.21,0.0028,0.0200,0.0031,2.5%,7.5%,0.0048,0.0048,0.0180,MM Wallet,NFT,Old Wallet,NO
05/28/2022,,581,Mint,NP,0.0100,$17.89,0.0033,$5.97,0.0000,$0.00,0.0133,0.0590,0.0148,2.5%,7.5%,0.0092,0.0192,0.0531,MM Wallet,NFT,Old Wallet,NO
05/29/2022,,1728,Mint,NP,0.0000,$0.00,0.0031,$5.56,0.0000,$0.00,0.0031,,0.0035,2.5%,10.0%,0.0031,0.0031,0.0000,MM Wallet,NFT,Old Wallet,NO
05/29/2022,,6177,Mint,NP,0.0050,$8.99,0.0019,$3.36,0.0020,$3.51,0.0088,0.0190,0.0095,2.5%,5.0%,0.0052,0.0102,0.0176,MM Wallet,NFT,Old Wallet,NO
05/29/2022,,6176,Mint,NP,0.0050,$8.99,0.0019,$3.36,0.0000,$0.00,0.0069,0.0180,0.0074,2.5%,5.0%,0.0032,0.0082,0.0166,MM Wallet,NFT,Old Wallet,NO
05/29/2022,,1090,Secondary,NP,0.0210,$37.82,0.0071,$12.73,0.0000,$0.00,0.0281,0.0064,0.0303,2.5%,5.0%,0.0075,0.0285,0.0059,MM Wallet,NFT,Old Wallet,NO
05/29/2022,,918,Secondary,NP,0.0086,$15.66,0.0082,$14.91,0.0012,$2.17,0.0180,,0.0198,2.5%,6.5%,0.0094,0.0180,0.0000,MM Wallet,NFT,Old Wallet,NO
05/29/2022,,649,Secondary,NP,0.0090,$16.83,0.0094,$17.21,0.0000,$0.00,0.0184,0.0190,0.0203,2.5%,6.5%,0.0112,0.0201,0.0173,MM Wallet,NFT,Old Wallet,NO
05/29/2022,,893,Secondary,NP,0.0263,$48.97,0.0055,$10.29,0.0000,$0.00,0.0318,0.0370,0.0364,2.5%,10.0%,0.0102,0.0365,0.0324,MM Wallet,NFT,Old Wallet,NO
05/30/2022,,126,Secondary,NP,0.0568,$112.10,0.0051,$10.14,0.0014,$2.71,0.0633,0.1190,0.0684,2.5%,5.0%,0.0154,0.0722,0.1101,MM Wallet,NFT,Old Wallet,NO
05/30/2022,,496,Secondary,NP,0.1200,$236.83,0.0096,$18.95,0.0000,$0.00,0.1296,0.1490,0.1401,2.5%,5.0%,0.0208,0.1408,0.1378,MM Wallet,NFT,Old Wallet,NO
05/31/2022,,5506,2ndary,NP,0.0100,$19.83,0.0142,$28.09,0.0024,$4.77,0.0266,0.1000,0.0295,2.5%,7.5%,0.0266,0.0366,0.0900,MM Wallet,NFT,Old Wallet,NO
05/31/2022,,8212,2ndary,NP,0.0080,$15.87,0.0188,$37.22,0.0000,$0.00,0.0268,0.0570,0.0297,2.5%,7.5%,0.0245,0.0325,0.0513,MM Wallet,NFT,Old Wallet,NO
06/01/2022,,9759,Mint,NP,0.0000,$0.00,0.0036,$7.08,0.0016,$3.16,0.0052,,0.0058,2.5%,7.5%,0.0052,0.0052,0.0000,MM Wallet,NFT,Old Wallet,NO
06/01/2022,,4004,2ndary,NP,0.1180,$224.23,0.0143,$27.10,0.0000,$0.00,0.1323,0.1759,0.1470,2.5%,7.5%,0.0319,0.1499,0.1583,MM Wallet,NFT,Old Wallet,NO
06/01/2022,,7045,Secondary,NP,0.0289,$53.35,0.0124,$22.87,0.0027,$5.06,0.0440,0.0489,0.0476,2.5%,5.0%,0.0188,0.0477,0.0452,MM Wallet,NFT,Old Wallet,NO
06/01/2022,,7045,Secondary,NP,0.0200,$36.69,0.0130,$23.89,0.0000,$0.00,0.0330,0.0944,0.0357,2.5%,5.0%,0.0201,0.0401,0.0873,MM Wallet,NFT,Old Wallet,NO
06/01/2022,,3908,Secondary,NP,0.0100,$18.11,0.0147,$26.55,0.0023,$4.15,0.0269,0.0080,0.0299,2.5%,7.5%,0.0177,0.0277,0.0072,MM Wallet,NFT,Old Wallet,NO
06/01/2022,,7177,Secondary,NP,0.0100,$18.11,0.0178,$32.76,0.0000,$0.00,0.0278,0.0100,0.0309,2.5%,7.5%,0.0188,0.0288,0.0090,MM Wallet,NFT,Old Wallet,NO
06/01/2022,,2705,Mint,NP,0.0005,$9.17,0.0008,$1.53,0.0018,$3.26,0.0031,0.0090,0.0034,2.5%,5.0%,0.0033,0.0038,0.0083,MM Wallet,NFT,Old Wallet,NO
06/01/2022,,2706,Mint,NP,0.0005,$9.17,0.0008,$1.53,0.0000,$0.00,0.0013,0.0324,0.0014,2.5%,5.0%,0.0032,0.0037,0.0300,MM Wallet,NFT,Old Wallet,NO
06/01/2022,,2707,Mint,NP,0.0005,$9.17,0.0008,$1.53,0.0000,$0.00,0.0013,0.0019,0.0014,2.5%,5.0%,0.0009,0.0014,0.0018,MM Wallet,NFT,Old Wallet,NO
06/01/2022,,2708,Mint,NP,0.0005,$9.17,0.0008,$1.53,0.0000,$0.00,0.0013,0.0034,0.0014,2.5%,5.0%,0.0011,0.0016,0.0031,MM Wallet,NFT,Old Wallet,NO
06/01/2022,,2709,Mint,NP,0.0005,$9.17,0.0008,$1.53,0.0000,$0.00,0.0013,0.0029,0.0014,2.5%,5.0%,0.0010,0.0015,0.0027,MM Wallet,NFT,Old Wallet,NO
06/03/2022,,3259,Mint,NP,0.0000,$0.00,0.0019,$3.45,0.0035,$6.16,0.0054,,0.0058,2.5%,5.0%,0.0054,0.0054,0.0000,MM Wallet,NFT,Old Wallet,NO
06/03/2022,,3260,Mint,NP,0.0000,$0.00,0.0019,$3.45,0.0000,$0.00,0.0019,,0.0021,2.5%,5.0%,0.0019,0.0019,0.0000,MM Wallet,NFT,Old Wallet,NO
06/03/2022,,3479,Secondary,NP,0.0825,$145.35,0.0085,$14.94,0.0027,$4.31,0.0937,0.0390,0.1041,2.5%,7.5%,0.0151,0.0976,0.0351,MM Wallet,NFT,Old Wallet,NO
06/03/2022,,5215,Mint,NP,0.0000,$0.00,0.0011,$1.91,0.0014,$2.40,0.0025,0.0030,0.0027,2.5%,6.9%,0.0027,0.0027,0.0027,MM Wallet,NFT,Old Wallet,NO
06/03/2022,,5216,Mint,NP,0.0000,$0.00,0.0011,$1.91,0.0000,$0.00,0.0011,,0.0012,2.5%,6.9%,0.0011,0.0011,0.0000,MM Wallet,NFT,Old Wallet,NO
06/03/2022,,5217,Mint,NP,0.0000,$0.00,0.0011,$1.91,0.0000,$0.00,0.0011,,0.0012,2.5%,6.9%,0.0011,0.0011,0.0000,MM Wallet,NFT,Old Wallet,NO
06/03/2022,,5218,Mint,NP,0.0000,$0.00,0.0011,$1.91,0.0000,$0.00,0.0011,,0.0012,2.5%,6.9%,0.0011,0.0011,0.0000,MM Wallet,NFT,Old Wallet,NO
06/03/2022,,5219,Mint,NP,0.0000,$0.00,0.0011,$1.91,0.0000,$0.00,0.0011,,0.0012,2.5%,6.9%,0.0011,0.0011,0.0000,MM Wallet,NFT,Old Wallet,NO
06/03/2022,,6325,Secondary,NP,1.0900,"$1,904.07",0.0132,$23.14,0.0028,$4.94,1.1061,,1.1957,2.5%,5.0%,0.0161,1.1061,0.0000,MM Wallet,NFT,Ledger,NO
06/04/2022,,1569,Mint,NP,0.0777,$138.20,0.0034,$6.13,0.0037,$6.61,0.0848,0.1280,0.0922,2.5%,5.6%,0.0174,0.0951,0.1177,MM Wallet,NFT,Old Wallet,NO
06/04/2022,,1570,Mint,NP,0.0777,$138.20,0.0034,$6.13,0.0000,$0.00,0.0811,0.1920,0.0882,2.5%,5.6%,0.0189,0.0966,0.1765,MM Wallet,NFT,Old Wallet,NO
06/04/2022,,3402,Mint,NP,0.0000,$0.00,0.0013,$2.33,0.0018,$3.25,0.0031,,0.0034,2.5%,5.0%,0.0031,0.0031,0.0000,MM Wallet,NFT,Old Wallet,NO
06/04/2022,,3403,Mint,NP,0.0000,$0.00,0.0013,$2.33,0.0000,$0.00,0.0013,,0.0014,2.5%,5.0%,0.0013,0.0013,0.0000,MM Wallet,NFT,Old Wallet,NO
06/04/2022,,3404,Mint,NP,0.0000,$0.00,0.0013,$2.33,0.0000,$0.00,0.0013,,0.0014,2.5%,5.0%,0.0013,0.0013,0.0000,MM Wallet,NFT,Old Wallet,NO
06/04/2022,,3405,Mint,NP,0.0000,$0.00,0.0013,$2.33,0.0000,$0.00,0.0013,,0.0014,2.5%,5.0%,0.0013,0.0013,0.0000,MM Wallet,NFT,Old Wallet,NO
06/04/2022,,3406,Mint,NP,0.0000,$0.00,0.0013,$2.33,0.0000,$0.00,0.0013,,0.0014,2.5%,5.0%,0.0013,0.0013,0.0000,MM Wallet,NFT,Old Wallet,NO
06/06/2022,,646,Mint,NP,0.2000,$382.34,0.0083,$15.85,0.0025,$4.77,0.2108,0.3190,0.2342,2.5%,7.5%,0.0427,0.2427,0.2871,MM Wallet,NFT,Old Wallet,NO
06/07/2022,,6503,Secondary,NP,0.0150,$26.79,0.0183,$32.62,0.0037,$6.65,0.0370,0.0600,0.0411,2.5%,7.5%,0.0280,0.0430,0.0540,MM Wallet,NFT,Old Wallet,NO
06/07/2022,,6503,Secondary,NP,0.0500,$90.67,0.0137,$24.88,0.0000,$0.00,0.0637,0.0949,0.0708,2.5%,7.5%,0.0232,0.0732,0.0854,MM Wallet,NFT,Old Wallet,NO
06/07/2022,,69,Secondary,NP,0.1690,$311.59,0.0126,$23.21,0.0000,$0.00,0.1816,0.0450,0.2018,2.5%,7.5%,0.0171,0.1861,0.0405,MM Wallet,NFT,Old Wallet,NO
06/07/2022,,783,Mint,NP,0.0000,$0.00,0.0090,$16.56,0.0000,$0.00,0.0090,,0.0100,2.5%,7.5%,0.0090,0.0090,0.0000,MM Wallet,NFT,Old Wallet,NO
06/07/2022,,1287,Mint,NP,0.0000,$0.00,0.0034,$6.09,0.0024,$4.32,0.0058,0.0100,0.0066,2.5%,10.0%,0.0070,0.0070,0.0088,MM Wallet,NFT,Old Wallet,NO
06/07/2022,,1288,Mint,NP,0.0000,$0.00,0.0034,$6.09,0.0000,$0.00,0.0034,0.0079,0.0039,2.5%,10.0%,0.0044,0.0044,0.0069,MM Wallet,NFT,Old Wallet,NO
06/07/2022,,2319,Mint,NP,0.0000,$0.00,0.0035,$6.29,0.0239,$43.33,0.0274,0.0130,0.0313,2.5%,10.0%,0.0290,0.0290,0.0114,MM Wallet,NFT,Burner,NO
06/07/2022,,2320,Mint,NP,0.0000,$0.00,0.0035,$6.29,0.0000,$0.00,0.0035,0.0150,0.0040,2.5%,10.0%,0.0054,0.0054,0.0131,MM Wallet,NFT,Burner,NO
06/07/2022,,61,Mint,NP,0.0000,$0.00,0.0093,$17.13,0.0000,$0.00,0.0093,0.0000,0.0103,2.5%,7.5%,0.0093,0.0093,0.0000,MM Wallet,NFT,Burner,NO
06/08/2022,,333,Secondary,NP,0.2000,$364.31,0.0341,$62.12,0.0044,$7.87,0.2385,0.3600,0.2691,2.5%,8.9%,0.0794,0.2794,0.3190,MM Wallet,NFT,Old Wallet,NO
06/08/2022,,473,Mint,NP,0.0000,$0.00,0.0112,$20.14,0.0000,$0.00,0.0112,0.1494,0.0128,2.5%,10.0%,0.0299,0.0299,0.1307,MM Wallet,NFT,Old Wallet,NO
06/08/2022,,3602,Mint,NP,0.0163,$29.38,0.0150,$27.07,0.0030,$5.44,0.0343,0.1110,0.0383,2.5%,7.8%,0.0294,0.0457,0.0996,MM Wallet,NFT,Old Wallet,NO
06/08/2022,,3601,Mint,NP,0.0163,$29.38,0.0150,$27.07,0.0000,$0.00,0.0313,0.0839,0.0349,2.5%,7.8%,0.0236,0.0399,0.0753,MM Wallet,NFT,Old Wallet,NO
06/08/2022,,6260,Mint,NP,0.0163,$29.38,0.0150,$27.07,0.0000,$0.00,0.0313,0.0579,0.0349,2.5%,7.8%,0.0209,0.0372,0.0520,MM Wallet,NFT,Old Wallet,NO
06/08/2022,,114,Secondary,NP,0.0330,$58.95,0.0146,$26.11,0.0031,$5.50,0.0507,0.0599,0.0563,2.5%,7.5%,0.0237,0.0567,0.0539,MM Wallet,NFT,Old Wallet,NO
06/09/2022,,907,Mint,NP,0.0000,$0.00,0.0052,$9.24,0.0139,$24.81,0.0190,,0.0195,2.5%,0.0%,0.0190,0.0190,0.0000,MM Wallet,NFT,Old Wallet,NO
06/09/2022,,2103,Mint,NP,0.0000,$0.00,0.0055,$9.81,0.0032,$5.68,0.0087,0.0370,0.0100,2.5%,10.0%,0.0134,0.0134,0.0324,MM Wallet,NFT,Old Wallet,NO
06/09/2022,,907,Mint,NP,0.0000,$0.00,0.0052,$9.24,0.0052,$9.22,0.0103,0.0000,0.0106,2.5%,0.0%,0.0103,0.0103,0.0000,MM Wallet,NFT,Burner,NO
06/10/2022,,2132,Secondary,NP,0.0320,$55.78,0.0130,$22.55,0.0019,$3.35,0.0469,0.0000,0.0481,2.5%,0.0%,0.0149,0.0469,0.0000,MM Wallet,NFT,Old Wallet,NO
06/10/2022,,679,Mint,NP,0.0160,$26.82,0.0013,$2.19,0.0029,$4.88,0.0202,0.0210,0.0207,2.5%,0.0%,0.0047,0.0207,0.0205,MM Wallet,NFT,Old Wallet,NO
06/10/2022,,677,Mint,NP,0.0160,$26.82,0.0013,$2.19,0.0000,$0.00,0.0173,0.0254,0.0192,2.5%,7.5%,0.0038,0.0198,0.0229,MM Wallet,NFT,Old Wallet,NO
06/10/2022,,678,Mint,NP,0.0160,$26.82,0.0013,$2.19,0.0000,$0.00,0.0173,0.0234,0.0177,2.5%,0.0%,0.0019,0.0179,0.0228,MM Wallet,NFT,Old Wallet,NO
06/10/2022,,676,Mint,NP,0.0160,$26.82,0.0013,$2.19,0.0000,$0.00,0.0173,,0.0192,2.5%,7.5%,0.0013,0.0173,0.0000,MM Wallet,NFT,Old Wallet,NO
06/10/2022,,680,Mint,NP,0.0160,$26.82,0.0013,$2.19,0.0000,$0.00,0.0173,0.0299,0.0177,2.5%,0.0%,0.0020,0.0180,0.0292,MM Wallet,NFT,Old Wallet,NO
06/10/2022,,524,Mint,NP,0.6000,$22.54,0.0075,$7.73,0.0073,$7.49,0.6148,2.8000,0.6831,2.5%,7.5%,0.2948,0.8948,2.5200,MM Wallet,NFT,Old Wallet,NO
06/15/2022,,3693,Mint,NP,0.0800,$89.10,0.0364,$40.52,0.0037,$4.15,0.1201,0.1390,0.1285,2.5%,4.0%,0.0491,0.1291,0.1300,MM Wallet,NFT,Ledger,NO
06/16/2022,,352,Mint,LV,0.1834,$197.11,0.0013,$1.35,0.0000,$0.00,0.1847,0.2420,0.1997,2.5%,5.0%,0.0194,0.2028,0.2239,MM Wallet,NFT,Old Wallet,NO
06/17/2022,,9769,Mint,NP,0.0000,$0.00,0.0044,$4.75,0.0030,$3.25,0.0074,0.0099,0.0082,2.5%,7.5%,0.0084,0.0084,0.0089,MM Wallet,NFT,Burner,NO
06/17/2022,,9770,Mint,NP,0.0000,$0.00,0.0044,$4.75,0.0000,$0.00,0.0044,0.0110,0.0049,2.5%,7.5%,0.0055,0.0055,0.0099,MM Wallet,NFT,Burner,NO
06/19/2022,,1521,Mint,WT,0.0300,$34.04,0.0011,$1.24,0.0020,$2.23,0.0331,0.0980,0.0378,2.5%,10.0%,0.0153,0.0453,0.0858,MM Wallet,NFT,Old Wallet,NO
06/19/2022,,1523,Mint,WT,0.0300,$34.04,0.0011,$1.24,0.0000,$0.00,0.0311,0.0964,0.0355,2.5%,10.0%,0.0131,0.0431,0.0844,MM Wallet,NFT,Old Wallet,NO
06/19/2022,,1522,Mint,WT,0.0300,$34.04,0.0011,$1.24,0.0000,$0.00,0.0311,0.0390,0.0355,2.5%,10.0%,0.0060,0.0360,0.0341,MM Wallet,NFT,Old Wallet,NO
06/19/2022,,1524,Mint,WT,0.0300,$34.04,0.0011,$1.24,0.0000,$0.00,0.0311,0.0690,0.0355,2.5%,10.0%,0.0097,0.0397,0.0604,MM Wallet,NFT,Old Wallet,NO
06/19/2022,,1525,Mint,WT,0.0300,$34.04,0.0011,$1.24,0.0000,$0.00,0.0311,0.0369,0.0355,2.5%,10.0%,0.0057,0.0357,0.0323,MM Wallet,NFT,Old Wallet,NO
06/20/2022,,122,Mint,NP,0.0000,$0.00,0.0032,$3.52,0.0013,$1.39,0.0044,0.0096,0.0049,2.5%,7.5%,0.0054,0.0054,0.0086,MM Wallet,NFT,Old Wallet,NO
06/20/2022,,6909,Mint,NP,0.1500,$158.79,0.0017,$1.79,0.0014,$1.45,0.1531,0.4200,0.1570,2.5%,0.0%,0.0136,0.1636,0.4095,MM Wallet,NFT,Old Wallet,NO
06/20/2022,,59,Mint,NP,0.0000,$0.00,0.0047,$5.40,0.0013,$1.40,0.0060,0.0100,0.0067,2.5%,7.5%,0.0070,0.0070,0.0090,MM Wallet,NFT,Burner,NO
06/20/2022,,4637,Mint,NP,0.0000,$0.00,0.0073,$8.06,0.0017,$1.87,0.0090,0.0220,0.0100,2.5%,7.5%,0.0112,0.0112,0.0198,MM Wallet,NFT,Burner,NO
06/23/2022,,1305,Mint,FP,0.0000,$0.00,0.0015,$1.73,0.0020,$2.27,0.0035,0.0094,0.0040,2.5%,10.0%,0.0047,0.0047,0.0082,MM Wallet,NFT,Burner,NO
06/23/2022,,1306,Mint,FP,0.0000,$0.00,0.0015,$1.73,0.0000,$0.00,0.0015,0.0034,0.0017,2.5%,10.0%,0.0019,0.0019,0.0030,MM Wallet,NFT,Burner,NO
06/24/2022,,2366,Mint,NP,0.0000,$0.00,0.0029,$3.55,0.0017,$2.12,0.0046,0.0144,0.0051,2.5%,7.5%,0.0060,0.0060,0.0130,MM Wallet,NFT,Burner,NO
06/26/2022,,266,Secondary,LV,0.3400,$413.72,0.0092,$11.14,0.0025,$3.09,0.3517,,0.3908,2.5%,7.5%,0.0117,0.3517,0.0000,MM Wallet,NFT,Old Wallet,Transfer Sent
06/26/2022,,8539,Mint,WT,0.0146,$17.96,0.0068,$8.37,0.0032,$3.91,0.0246,0.0040,0.0273,2.5%,7.5%,0.0104,0.0250,0.0036,MM Wallet,NFT,Old Wallet,NO
06/26/2022,,266,Secondary,LV,0.3400,$413.72,0.0092,$11.14,0.0025,$3.09,0.3517,,0.3908,2.5%,7.5%,0.0117,0.3517,0.0000,MM Wallet,NFT,Ledger,Transfer Received
06/26/2022,,4275,Mint,NP,0.0000,$0.00,0.0047,$5.78,0.0000,$0.00,0.0047,,0.0048,2.5%,0.0%,0.0047,0.0047,0.0000,MM Wallet,NFT,Burner,NO
06/27/2022,,299,Secondary,WT,0.0650,$78.24,0.0091,$10.95,0.0026,$3.09,0.0767,0.0240,0.0852,2.5%,7.5%,0.0141,0.0791,0.0216,MM Wallet,NFT,Old Wallet,NO
06/28/2022,,632,Secondary,NP,0.0800,$92.94,0.0082,$9.56,0.0025,$2.83,0.0907,0.0210,0.1008,2.5%,7.5%,0.0128,0.0928,0.0189,MM Wallet,NFT,Old Wallet,NO
06/28/2022,,349,Secondary,WT,0.0050,$11.87,0.0078,$8.99,0.0000,$0.00,0.0128,,0.0141,2.5%,6.9%,0.0078,0.0128,0.0000,MM Wallet,NFT,Old Wallet,NO
06/28/2022,,309,Secondary,WT,0.0045,$11.00,0.0078,$8.99,0.0000,$0.00,0.0123,,0.0136,2.5%,6.9%,0.0078,0.0123,0.0000,MM Wallet,NFT,Old Wallet,NO
06/28/2022,,3841,Mint,LV,0.3000,$368.36,0.0053,$6.48,0.0000,$0.00,0.3053,,0.3300,2.5%,5.0%,0.0053,0.3053,0.0000,MM Wallet,NFT,Ledger,NO
06/28/2022,,2190,Secondary,LV,0.2700,$312.63,0.0039,$4.51,0.0020,$2.35,0.2759,,0.2983,2.5%,5.0%,0.0059,0.2759,0.0000,MM Wallet,NFT,Ledger,NO
06/28/2022,,3992,Secondary,WT,0.0850,$99.07,0.0090,$10.51,0.0020,$2.35,0.0960,0.0499,0.1057,2.5%,6.7%,0.0156,0.1006,0.0453,MM Wallet,NFT,Ledger,NO
06/29/2022,,3714,Mint,WT,0.0010,$1.10,0.0035,$3.85,0.0000,$0.00,0.0045,,0.0051,2.5%,10.0%,0.0035,0.0045,0.0000,MM Wallet,NFT,Burner,NO
06/29/2022,,3715,Mint,WT,0.0010,$1.10,0.0035,$3.85,0.0000,$0.00,0.0045,,0.0051,2.5%,10.0%,0.0035,0.0045,0.0000,MM Wallet,NFT,Burner,NO
06/30/2022,,248,Mint,NP,0.0000,$0.00,0.0075,$7.73,0.0073,$7.49,0.0148,0.0799,0.0164,2.5%,7.5%,0.0228,0.0228,0.0719,MM Wallet,NFT,Old Wallet,NO
06/30/2022,,8686,Secondary,FP,0.1000,$103.03,0.0112,$11.57,0.0011,$1.18,0.1124,0.0110,0.1255,2.5%,8.0%,0.0135,0.1135,0.0098,MM Wallet,NFT,Ledger,NO
06/30/2022,,6198,Mint,NP,0.5080,$554.43,0.0029,$3.10,0.0014,$1.55,0.5123,0.1395,0.5149,0.0%,0.5%,0.0050,0.5130,0.1388,MM Wallet,NFT,Ledger,NO
06/30/2022,,1025,Mint,FP,0.0099,$10.26,0.0022,$2.24,0.0018,$1.87,0.0139,0.0089,0.0155,2.5%,7.5%,0.0049,0.0148,0.0080,MM Wallet,NFT,Burner,NO
06/30/2022,,1026,Mint,FP,0.0099,$10.26,0.0022,$2.24,0.0000,$0.00,0.0121,,0.0134,2.5%,7.5%,0.0022,0.0121,0.0000,MM Wallet,NFT,Burner,NO
06/30/2022,,1027,Mint,FP,0.0099,$10.26,0.0022,$2.24,0.0000,$0.00,0.0121,,0.0134,2.5%,7.5%,0.0022,0.0121,0.0000,MM Wallet,NFT,Burner,NO
07/01/2022,,620,Mint,WT,0.0000,$0.00,0.0016,$1.62,0.0006,$0.60,0.0021,,0.0024,2.5%,6.9%,0.0021,0.0021,0.0000,MM Wallet,NFT,Old Wallet,NO
07/07/2022,,1740,Mint,NP,0.0000,$0.00,0.0086,$10.47,0.0025,$3.01,0.0111,0.0520,0.0126,2.5%,10.0%,0.0176,0.0176,0.0455,MM Wallet,NFT,Old Wallet,NO
07/07/2022,,204,Mint,NP,0.0000,$0.00,0.0038,$4.67,0.0028,$3.36,0.0066,0.0899,0.0075,2.5%,10.0%,0.0178,0.0178,0.0787,MM Wallet,NFT,Old Wallet,NO
07/07/2022,,8308,Mint,NP,0.0000,$0.00,0.0088,$10.80,0.0036,$4.46,0.0124,0.0580,0.0127,2.5%,0.0%,0.0138,0.0138,0.0566,MM Wallet,NFT,Ledger,NO
07/09/2022,,2690,Mint,NP,0.0000,$0.00,0.0083,$10.17,0.0027,$3.26,0.0110,0.0570,0.0122,2.5%,7.5%,0.0167,0.0167,0.0513,MM Wallet,NFT,Old Wallet,NO
07/09/2022,,4279,Secondary,NP,0.0190,$23.13,0.0153,$18.65,0.0024,$2.89,0.0367,0.0089,0.0397,2.5%,5.0%,0.0184,0.0374,0.0082,MM Wallet,NFT,Burner,NO
07/10/2022,,1466,Secondary,LV,0.0400,$46.54,0.0091,$10.58,0.0009,$1.02,0.0500,0.0088,0.0571,2.5%,10.0%,0.0111,0.0511,0.0077,MM Wallet,NFT,Old Wallet,NO
07/10/2022,,4560,Mint,LV,0.0000,$0.00,0.0049,$5.72,0.0071,$8.38,0.0120,0.0086,0.0133,2.5%,6.9%,0.0128,0.0128,0.0078,MM Wallet,NFT,Old Wallet,NO
07/10/2022,,1629,Mint,WT,0.0050,$2.95,0.0012,$1.36,0.0007,$0.88,0.0069,,0.0079,2.5%,10.0%,0.0019,0.0069,0.0000,MM Wallet,NFT,Old Wallet,NO
07/10/2022,,1630,Mint,WT,0.0050,$2.95,0.0012,$1.36,0.0000,$0.00,0.0062,,0.0071,2.5%,10.0%,0.0012,0.0062,0.0000,MM Wallet,NFT,Old Wallet,NO
07/10/2022,,781,Mint,LV,0.2000,$22.54,0.0016,$1.62,0.0006,$0.60,0.2021,2.2000,0.2231,2.5%,6.9%,0.2089,0.4089,1.9932,MM Wallet,NFT,Old Wallet,NO
07/10/2022,,4307,Mint,LV,0.0000,$0.00,0.0045,$5.25,0.0014,$1.65,0.0059,0.0029,0.0065,2.5%,6.9%,0.0062,0.0062,0.0026,MM Wallet,NFT,Burner,NO
07/12/2022,,6091,Secondary,NP,0.0290,$30.98,0.0049,$5.19,0.0007,$0.79,0.0346,,0.0355,2.5%,0.0%,0.0056,0.0346,0.0000,MM Wallet,NFT,Old Wallet,NO
07/16/2022,,49,Secondary,AS,0.0130,$17.86,0.0080,$10.93,0.0017,$2.24,0.0226,0.0074,0.0251,2.5%,7.5%,0.0103,0.0233,0.0067,MM Wallet,NFT,Old Wallet,NO
08/05/2022,,78,Mint,NP,0.0000,$0.00,0.0009,$1.43,0.0000,$0.00,0.0009,,0.0010,2.5%,7.5%,0.0009,0.0009,0.0000,MM Wallet,NFT,Old Wallet,Transfer Sent
08/05/2022,,78,Mint,NP,0.0000,$0.00,0.0009,$1.43,0.0008,$1.35,0.0016,,0.0018,2.5%,7.5%,0.0016,0.0016,0.0000,MM Wallet,NFT,Ledger,Transfer Received
08/07/2022,,1,Mint,NP,0.0000,$0.00,0.0019,$3.18,0.0000,$0.00,0.0019,,0.0021,2.5%,10.0%,0.0019,0.0019,0.0000,MM Wallet,NFT,Old Wallet,NO
08/07/2022,,2,Airdrop,NP,0.0000,$0.00,0.0000,$0.00,0.0009,$1.52,0.0009,0.0309,0.0010,2.5%,5.0%,0.0032,0.0032,0.0286,MM Wallet,NFT,Old Wallet,NO
08/07/2022,,284,Airdrop,SG,0.0000,$0.00,0.0000,$0.00,0.0007,$1.18,0.0007,,0.0007,2.5%,5.0%,0.0007,0.0007,0.0000,MM Wallet,NFT,Ledger,NO
08/10/2022,,1604,Secondary,AS,0.0120,$22.54,0.0044,$8.24,0.0006,$1.18,0.0170,0.0289,0.0188,2.5%,7.0%,0.0078,0.0198,0.0262,MM Wallet,NFT,Old Wallet,NO
08/10/2022,,2,Secondary,NP,0.1600,$22.54,0.0086,$10.47,0.0025,$3.01,0.1711,1.3000,0.1955,2.5%,10.0%,0.1736,0.3336,1.1375,MM Wallet,NFT,Old Wallet,NO
08/19/2022,,6508,Mint,FP,0.0000,$0.00,0.0026,$4.34,0.0000,$0.00,0.0026,,0.0026,2.5%,0.0%,0.0026,0.0026,0.0000,MM Wallet,NFT,Old Wallet,NO
08/20/2022,,6508,Mint,FP,0.0000,$0.00,0.0011,$1.89,0.0000,$0.00,0.0011,,0.0011,2.5%,0.0%,0.0011,0.0011,0.0000,MM Wallet,NFT,Burner,NO
08/23/2022,,401,Mint,NP,0.0000,$0.00,0.0011,$1.75,0.0006,$0.94,0.0017,0.0290,0.0018,2.5%,5.0%,0.0039,0.0039,0.0268,MM Wallet,NFT,Old Wallet,NO
08/23/2022,,153,Mint,NP,0.0000,$0.00,0.0020,$3.24,0.0014,$2.42,0.0034,0.0739,0.0036,2.5%,4.4%,0.0085,0.0085,0.0688,MM Wallet,NFT,Burner,NO
08/30/2022,,3708,Mint,WP,0.0490,$74.65,0.0014,$2.09,0.0024,$3.67,0.0528,0.0770,0.0541,2.5%,0.0%,0.0057,0.0547,0.0751,MM Wallet,NFT,Old Wallet,NO
08/30/2022,,5911,Mint,WP,0.0490,$74.65,0.0014,$2.09,0.0000,$0.00,0.0504,0.0790,0.0517,2.5%,0.0%,0.0034,0.0524,0.0770,MM Wallet,NFT,Old Wallet,NO
08/30/2022,,5912,Mint,WP,0.0490,$74.65,0.0014,$2.09,0.0000,$0.00,0.0504,0.1300,0.0517,2.5%,0.0%,0.0047,0.0537,0.1268,MM Wallet,NFT,Old Wallet,NO
09/12/2022,,2343,Mint,WP,0.0850,$147.03,0.0103,$17.86,0.0015,$2.62,0.0968,0.1280,0.1076,2.5%,7.5%,0.0246,0.1096,0.1152,MM Wallet,NFT,Old Wallet,NO
09/12/2022,,509,Secondary,NP,0.0054,$9.22,0.0024,$4.04,0.0004,$0.72,0.0082,0.0011,0.0091,2.5%,7.5%,0.0029,0.0083,0.0010,MM Wallet,NFT,Old Wallet,NO
09/15/2022,,11,Mint,NP,0.8619,"$1,271.00",0.0000,$0.00,0.0000,$0.00,0.8619,,0.9850,2.5%,10.0%,0.0000,0.8619,0.0000,MM Wallet,NFT,Ledger,NO
09/16/2022,,1617,Secondary,AS,0.0434,$61.97,0.0020,$2.90,0.0004,$0.63,0.0459,0.0836,0.0461,0.5%,0.0%,0.0029,0.0463,0.0832,MM Wallet,NFT,Burner,NO
09/16/2022,,1276,Secondary,AS,0.0400,$57.14,0.0021,$2.98,0.0000,$0.00,0.0421,0.0750,0.0423,0.5%,0.0%,0.0025,0.0425,0.0746,MM Wallet,NFT,Burner,NO
09/17/2022,,2655,Secondary,NP,0.0550,$78.35,0.0011,$1.53,0.0003,$0.42,0.0564,0.0490,0.0609,2.5%,5.0%,0.0050,0.0600,0.0453,MM Wallet,NFT,Burner,NO
09/17/2022,,1276,Secondary,AS,0.0000,$0.00,0.0016,$2.35,0.0000,$0.00,0.0016,0.0680,0.0016,0.5%,0.0%,0.0019,0.0019,0.0677,MM Wallet,NFT,Burner,NO
09/19/2022,,257,Mint,WP,0.6660,$904.02,0.0015,$1.99,0.0007,$0.95,0.6682,1.9600,0.7636,2.5%,10.0%,0.2472,0.9132,1.7150,MM Wallet,NFT,Old Wallet,NO
09/20/2022,,1362,Mint,FP,0.1972,$267.88,0.0039,$5.31,0.0016,$2.16,0.2027,0.3380,0.2079,2.5%,0.0%,0.0140,0.2112,0.3296,MM Wallet,NFT,Old Wallet,NO
09/20/2022,,644,Secondary,AS,0.0210,$27.81,0.0032,$4.23,0.0003,$0.43,0.0245,0.0154,0.0251,2.5%,0.0%,0.0039,0.0249,0.0150,MM Wallet,NFT,Old Wallet,NO
09/21/2022,,144,Secondary,WP,2.1000,2.623.09,0.0027,$3.84,0.0005,$0.62,2.1032,2.4700,2.4037,2.5%,10.0%,0.3120,2.4120,2.1613,MM Wallet,NFT,Ledger,NO
09/23/2022,,763,Secondary,WP,0.0150,$19.39,0.0096,$12.37,0.0003,$0.44,0.0249,0.0330,0.0255,2.5%,0.0%,0.0107,0.0257,0.0322,MM Wallet,NFT,Old Wallet,NO
09/23/2022,,929,Secondary,WP,0.0160,$20.68,0.0066,$8.58,0.0000,$0.00,0.0226,0.0490,0.0232,2.5%,0.0%,0.0079,0.0239,0.0478,MM Wallet,NFT,Old Wallet,NO
09/23/2022,,912,Secondary,WP,0.0450,$58.66,0.0073,$9.51,0.0000,$0.00,0.0523,0.0540,0.0536,2.5%,0.0%,0.0086,0.0536,0.0527,MM Wallet,NFT,Old Wallet,NO
09/23/2022,,14,Secondary,WP,0.1000,$130.81,0.0065,$8.49,0.0000,$0.00,0.1065,0.1450,0.1092,2.5%,0.0%,0.0101,0.1101,0.1414,MM Wallet,NFT,Old Wallet,NO
09/24/2022,,565,Secondary,AS,0.0450,$59.22,0.0025,$3.24,0.0002,$0.21,0.0476,0.0490,0.0488,2.5%,0.0%,0.0038,0.0488,0.0478,MM Wallet,NFT,Old Wallet,NO
09/24/2022,,524,Secondary,AS,0.0047,$6.19,0.0012,$1.55,0.0002,$0.31,0.0061,0.0290,0.0063,2.5%,0.0%,0.0021,0.0068,0.0283,MM Wallet,NFT,Old Wallet,NO
09/24/2022,,764,Secondary,AS,0.0111,$14.66,0.0006,$0.76,0.0000,$0.00,0.0117,0.0384,0.0120,2.5%,0.0%,0.0015,0.0126,0.0374,MM Wallet,NFT,Old Wallet,NO
09/25/2022,,683,Secondary,AS,0.1660,$215.74,0.0013,$1.68,0.0000,$0.00,0.1673,0.1840,0.1770,2.5%,3.0%,0.0114,0.1774,0.1739,MM Wallet,NFT,Old Wallet,NO
09/25/2022,,78,Secondary,AS,0.0150,$19.44,0.0010,$1.32,0.0000,$0.00,0.0160,0.0065,0.0164,2.5%,0.0%,0.0012,0.0162,0.0063,MM Wallet,NFT,Old Wallet,NO
09/25/2022,,138,Secondary,AS,0.0085,$11.12,0.0011,$1.41,0.0002,$0.32,0.0098,,0.0101,2.5%,0.0%,0.0013,0.0098,0.0000,MM Wallet,NFT,Old Wallet,NO
09/30/2022,,1330,Secondary,NP,0.1000,$132.91,0.0031,$4.13,0.0007,$0.97,0.1038,0.0599,0.1187,2.5%,10.0%,0.0113,0.1113,0.0524,MM Wallet,NFT,Old Wallet,NO
10/01/2022,,699,Mint,LV,0.0000,$0.00,0.0006,$0.83,0.0006,$0.73,0.0012,0.0149,0.0013,2.5%,7.5%,0.0026,0.0026,0.0134,MM Wallet,NFT,Old Wallet,NO
10/01/2022,,700,Mint,LV,0.0000,$0.00,0.0006,$0.83,0.0000,$0.00,0.0006,0.0090,0.0007,2.5%,7.5%,0.0015,0.0015,0.0081,MM Wallet,NFT,Old Wallet,NO
10/01/2022,,323,Secondary,AS,0.0140,$18.36,0.0022,$2.91,0.0004,$0.49,0.0166,0.0048,0.0170,2.5%,0.0%,0.0027,0.0167,0.0047,MM Wallet,NFT,Old Wallet,NO
10/02/2022,,3383,Secondary,AS,0.0029,$3.77,0.0016,$2.12,0.0004,$0.47,0.0049,0.0080,0.0050,2.5%,0.0%,0.0022,0.0051,0.0078,MM Wallet,NFT,Old Wallet,NO
10/03/2022,,346,Mint,NP,0.0000,$0.00,0.0064,$8.43,0.0000,$0.00,0.0064,,0.0067,2.5%,2.5%,0.0064,0.0064,0.0000,MM Wallet,NFT,Old Wallet,NO
10/03/2022,,347,Mint,NP,0.0000,$0.00,0.0058,$7.71,0.0000,$0.00,0.0058,,0.0061,2.5%,2.5%,0.0058,0.0058,0.0000,MM Wallet,NFT,Old Wallet,NO
10/03/2022,,348,Mint,NP,0.0000,$0.00,0.0053,$7.04,0.0000,$0.00,0.0053,,0.0056,2.5%,2.5%,0.0053,0.0053,0.0000,MM Wallet,NFT,Old Wallet,NO
10/03/2022,,349,Mint,NP,0.0000,$0.00,0.0064,$8.47,0.0000,$0.00,0.0064,,0.0067,2.5%,2.5%,0.0064,0.0064,0.0000,MM Wallet,NFT,Old Wallet,NO
10/03/2022,,350,Mint,NP,0.0000,$0.00,0.0068,$9.06,0.0000,$0.00,0.0068,,0.0072,2.5%,2.5%,0.0068,0.0068,0.0000,MM Wallet,NFT,Old Wallet,NO
10/06/2022,,989,Airdrop,NP,0.0000,$0.00,0.0000,$0.00,0.0009,$1.12,0.0009,0.2100,0.0010,2.5%,7.5%,0.0219,0.0219,0.1890,MM Wallet,NFT,Old Wallet,NO
10/06/2022,,990,Airdrop,NP,0.0000,$0.00,0.0000,$0.00,0.0000,$0.00,0.0000,,0.0000,2.5%,7.5%,0.0000,0.0000,0.0000,MM Wallet,NFT,Old Wallet,Transfer Sent
10/06/2022,,990,Airdrop,NP,0.0000,$0.00,0.0000,$0.00,0.0008,$1.28,0.0008,,0.0009,2.5%,7.5%,0.0008,0.0008,0.0000,MM Wallet,NFT,Ledger,Transfer Received
10/09/2022,,1107,Mint,NP,0.0000,$0.00,0.0051,$6.81,0.0000,$0.00,0.0051,,0.0053,2.5%,0.0%,0.0051,0.0051,0.0000,MM Wallet,NFT,Burner,NO
10/10/2022,,344,Mint,NP,0.0900,$22.54,0.0038,$4.67,0.0028,$3.36,0.0966,1.9000,0.1104,2.5%,10.0%,0.2441,0.3341,1.6625,MM Wallet,NFT,Old Wallet,NO
10/12/2022,,1,Airdrop,M,0.0000,$389.82,0.0041,$5.12,0.0032,$4.18,0.0073,,0.0079,2.5%,5.0%,0.0073,0.0073,0.0000,MM Wallet,NFT,Ledger,NO
10/12/2022,,1907,Mint,WP,0.0000,$0.00,0.0019,$2.47,0.0000,$0.00,0.0019,0.0000,0.0020,2.5%,,0.0019,0.0019,0.0000,MM Wallet,NFT,Ledger,NO
10/14/2022,,211,Secondary,AS,0.0200,$26.18,0.0041,$5.36,0.0009,$1.17,0.0250,0.0330,0.0256,2.5%,0.0%,0.0058,0.0258,0.0322,MM Wallet,NFT,Old Wallet,NO
10/16/2022,,286,Secondary,AS,0.1760,$225.83,0.0039,$4.96,0.0009,$1.13,0.1807,0.1240,0.1854,2.5%,0.0%,0.0078,0.1838,0.1209,MM Wallet,NFT,Old Wallet,NO
10/16/2022,,1477,Mint,WP,0.0000,$0.00,0.0012,$1.56,0.0000,$0.00,0.0012,,0.0013,2.5%,5.0%,0.0012,0.0012,0.0000,MM Wallet,NFT,Burner,NO
10/22/2022,,558,Mint,AS,0.0099,$13.02,0.0020,$2.64,0.0020,$2.52,0.0139,0.0025,0.0142,2.5%,0.0%,0.0040,0.0139,0.0024,MM Wallet,NFT,Burner,NO
10/28/2022,,1,Mint,G,0.0000,$0.00,0.0019,$2.96,0.0000,$0.00,0.0019,,0.0021,2.5%,5.0%,0.0019,0.0019,0.0000,MM Wallet,NFT,Ledger,NO
11/02/2022,,3805,Secondary,WP,0.2000,$311.49,0.0041,$6.37,0.0057,$8.94,0.2098,0.7450,0.2268,2.5%,5.0%,0.0657,0.2657,0.6891,MM Wallet,NFT,Old Wallet,NO
11/02/2022,,3806,Secondary,WP,0.2000,$311.49,0.0041,$6.37,0.0000,$0.00,0.2041,0.5710,0.2093,2.5%,0.0%,0.0184,0.2184,0.5567,MM Wallet,NFT,Old Wallet,NO
11/06/2022,,344,Mint,WP,0.5900,$962.91,0.0011,$1.80,0.0014,$2.26,0.5925,0.7250,0.6405,2.5%,5.0%,0.0569,0.6469,0.6706,MM Wallet,NFT,Old Wallet,NO
11/07/2022,,4881,Mint,NP,0.0000,$0.00,0.0010,$1.66,0.0008,$1.30,0.0018,0.0169,0.0021,2.5%,10.0%,0.0039,0.0039,0.0148,MM Wallet,NFT,Old Wallet,NO
11/07/2022,,4882,Mint,NP,0.0000,$0.00,0.0010,$1.66,0.0000,$0.00,0.0010,0.0169,0.0011,2.5%,10.0%,0.0031,0.0031,0.0148,MM Wallet,NFT,Old Wallet,NO
11/07/2022,,568,Secondary,WP,0.2050,$325.36,0.0063,$9.97,0.0009,$1.04,0.2122,,0.2358,2.5%,7.5%,0.0072,0.2122,0.0000,MM Wallet,NFT,Ledger,NO
11/07/2022,,620,Secondary,WP,0.2050,$325.36,0.0063,$9.97,0.0000,$0.00,0.2113,,0.2348,2.5%,7.5%,0.0063,0.2113,0.0000,MM Wallet,NFT,Ledger,NO
11/07/2022,,777,Mint,NP,0.0000,$0.00,0.0016,$2.51,0.0000,$0.00,0.0016,,0.0016,2.5%,0.0%,0.0016,0.0016,0.0000,MM Wallet,NFT,Burner,NO
11/10/2022,,4881,Mint,NP,0.0120,$22.54,0.0083,$10.17,0.0027,$3.26,0.0230,0.4000,0.0255,2.5%,7.5%,0.0510,0.0630,0.3600,MM Wallet,NFT,Old Wallet,NO
11/10/2022,,1,Mint,WP,0.0000,$0.00,0.0030,$4.01,0.0016,$2.44,0.0046,,0.0052,2.5%,10.0%,0.0046,0.0046,0.0000,MM Wallet,NFT,Old Wallet,NO
11/11/2022,,263,Secondary,AS,0.0137,$17.26,0.0066,$8.37,0.0011,$1.41,0.0215,0.0330,0.0220,2.5%,0.0%,0.0086,0.0223,0.0322,MM Wallet,NFT,Old Wallet,NO
11/22/2022,,1510,Mnt,WP,0.0180,$20.92,0.0019,$2.19,0.0000,$0.00,0.0199,0.0294,0.0220,2.5%,6.9%,0.0047,0.0227,0.0266,MM Wallet,NFT,Old Wallet,NO
11/22/2022,,1511,Mint,WP,0.0180,$20.92,0.0019,$2.19,0.0000,$0.00,0.0199,0.0294,0.0220,2.5%,6.9%,0.0047,0.0227,0.0266,MM Wallet,NFT,Old Wallet,NO
11/23/2022,,1597,Mint,WP,0.0000,$0.00,0.0021,$2.42,0.0009,$1.09,0.0030,0.0398,0.0033,2.5%,5.0%,0.0060,0.0060,0.0368,MM Wallet,NFT,Old Wallet,NO
11/23/2022,,778,Mint,NP,0.0000,$0.00,0.0027,$3.12,0.0013,$1.55,0.0040,0.0169,0.0045,2.5%,7.5%,0.0057,0.0057,0.0152,MM Wallet,NFT,Old Wallet,NO
11/30/2022,,2155,Secondary,AS,0.1900,$244.30,0.0026,$3.35,0.0006,$0.78,0.1932,0.1990,0.1982,2.5%,0.0%,0.0082,0.1982,0.1940,MM Wallet,NFT,Ledger,NO
12/02/2022,,74,Secondary,AS,0.0239,$30.53,0.0025,$3.26,0.0007,$0.92,0.0271,0.0289,0.0301,2.5%,7.5%,0.0061,0.0300,0.0260,MM Wallet,NFT,Old Wallet,NO
12/02/2022,,156,Secondary,AS,0.0239,$30.53,0.0025,$3.26,0.0000,$0.00,0.0264,0.0384,0.0293,2.5%,7.5%,0.0063,0.0302,0.0346,MM Wallet,NFT,Old Wallet,NO
12/02/2022,,495,Secondary,AS,0.0180,$23.07,0.0037,$4.79,0.0013,$1.72,0.0230,0.0277,0.0236,2.5%,0.0%,0.0057,0.0237,0.0270,MM Wallet,NFT,Old Wallet,NO
12/02/2022,,533,Secondary,AS,0.0180,$23.07,0.0037,$4.79,0.0000,$0.00,0.0217,0.0274,0.0223,2.5%,0.0%,0.0044,0.0224,0.0267,MM Wallet,NFT,Old Wallet,NO
12/02/2022,,4307,Secondary,AS,0.0040,$5.21,0.0032,$4.08,0.0006,$0.82,0.0078,0.0013,0.0080,2.5%,0.0%,0.0039,0.0079,0.0013,MM Wallet,NFT,Old Wallet,NO
12/02/2022,,2361,Secondary,AS,0.0040,$5.21,0.0032,$4.08,0.0000,$0.00,0.0072,0.0013,0.0074,2.5%,0.0%,0.0032,0.0072,0.0013,MM Wallet,NFT,Old Wallet,NO
12/02/2022,,2362,Secondary,AS,0.0040,$5.21,0.0032,$4.08,0.0000,$0.00,0.0072,0.0013,0.0074,2.5%,0.0%,0.0032,0.0072,0.0013,MM Wallet,NFT,Old Wallet,NO
12/02/2022,,6549,Secondary,AS,0.0040,$5.21,0.0032,$4.08,0.0000,$0.00,0.0072,0.0013,0.0074,2.5%,0.0%,0.0032,0.0072,0.0013,MM Wallet,NFT,Old Wallet,NO
12/02/2022,,6416,Secondary,AS,0.0047,$6.09,0.0036,$4.66,0.0000,$0.00,0.0083,0.0010,0.0085,2.5%,0.0%,0.0036,0.0084,0.0010,MM Wallet,NFT,Old Wallet,NO
12/02/2022,,1437,Secondary,AS,0.0165,$21.28,0.0035,$4.52,0.0010,$1.29,0.0210,0.0001,0.0215,2.5%,0.0%,0.0045,0.0210,0.0001,MM Wallet,NFT,Old Wallet,NO
12/02/2022,,49,Secondary,AS,0.0700,$90.54,0.0028,$3.57,0.0007,$0.89,0.0734,0.0146,0.0753,2.5%,0.0%,0.0038,0.0738,0.0142,MM Wallet,NFT,Old Wallet,NO
12/02/2022,,1327,Mint,NP,0.0000,$0.00,0.0008,$1.07,0.0005,$0.70,0.0013,0.0018,0.0014,2.5%,0.0%,0.0014,0.0014,0.0018,MM Wallet,NFT,Old Wallet,NO
12/02/2022,,1328,Mint,NP,0.0000,$0.00,0.0008,$1.07,0.0000,$0.00,0.0008,0.0018,0.0008,2.5%,0.0%,0.0008,0.0008,0.0018,MM Wallet,NFT,Old Wallet,NO
12/04/2022,,49,Mint,WP,0.0250,$31.35,0.0013,$1.59,0.0021,$0.74,0.0284,0.0010,0.0291,2.5%,0.0%,0.0034,0.0284,0.0010,MM Wallet,NFT,Old Wallet,NO
12/04/2022,,83,Secondary,AS,0.0090,$11.47,0.0028,$3.62,0.0005,$2.57,0.0123,,0.0133,2.5%,5.0%,0.0033,0.0123,0.0000,MM Wallet,NFT,Old Wallet,NO
12/04/2022,,35,Secondary,AS,0.0095,$12.10,0.0028,$3.62,0.0000,$0.00,0.0123,,0.0133,2.5%,5.0%,0.0028,0.0123,0.0000,MM Wallet,NFT,Old Wallet,NO
12/04/2022,,804,Mint,NP,0.0070,$8.82,0.0026,$3.32,0.0000,$0.00,0.0096,,0.0099,2.5%,0.0%,0.0026,0.0096,0.0000,MM Wallet,NFT,Burner,NO
12/04/2022,,805,Mint,NP,0.0070,$8.82,0.0021,$2.66,0.0000,$0.00,0.0091,,0.0093,2.5%,0.0%,0.0021,0.0091,0.0000,MM Wallet,NFT,Burner,NO
12/06/2022,,642,Mint,WP,0.0000,$0.00,0.0015,$1.90,0.0000,$0.00,0.0015,0.0880,0.0017,2.5%,7.5%,0.0103,0.0103,0.0792,MM Wallet,NFT,Old Wallet,NO
12/06/2022,,643,Mint,WP,0.0000,$0.00,0.0015,$1.90,0.0011,$1.39,0.0026,0.0750,0.0029,2.5%,7.5%,0.0101,0.0101,0.0675,MM Wallet,NFT,Old Wallet,NO
12/06/2022,,49,Mint,NP,0.0210,$26.29,0.0021,$2.70,0.0009,$1.11,0.0240,,0.0274,2.5%,10.0%,0.0030,0.0240,0.0000,MM Wallet,NFT,Old Wallet,NO
12/06/2022,,1765,Mint,WP,0.0000,$0.00,0.0012,$1.51,0.0010,$1.25,0.0022,0.0544,0.0024,2.5%,7.5%,0.0076,0.0076,0.0490,MM Wallet,NFT,Ledger,NO
12/06/2022,,1766,Mint,WP,0.0000,$0.00,0.0012,$1.51,0.0000,$0.00,0.0012,,0.0013,2.5%,7.5%,0.0012,0.0012,0.0000,MM Wallet,NFT,Ledger,NO
12/07/2022,,2198,Mint,WP,0.0180,$22.71,0.0011,$1.37,0.0018,$2.22,0.0209,0.0250,0.0231,2.5%,6.9%,0.0053,0.0233,0.0227,MM Wallet,NFT,Old Wallet,NO
12/07/2022,,2199,Mint,WP,0.0180,$22.71,0.0011,$1.37,0.0000,$0.00,0.0191,,0.0211,2.5%,6.9%,0.0011,0.0191,0.0000,MM Wallet,NFT,Old Wallet,NO
12/08/2022,,199,Mint,WP,0.0000,$0.00,0.0009,$1.16,0.0019,$2.43,0.0028,,0.0030,2.5%,5.0%,0.0028,0.0028,0.0000,MM Wallet,NFT,Old Wallet,NO
12/08/2022,,200,Mint,WP,0.0000,$0.00,0.0009,$1.16,0.0000,$0.00,0.0009,,0.0010,2.5%,5.0%,0.0009,0.0009,0.0000,MM Wallet,NFT,Old Wallet,NO
12/09/2022,,2367,Mint,WP,0.2500,$317.40,0.0049,$6.24,0.0016,$2.06,0.2565,0.3090,0.2631,2.5%,0.0%,0.0142,0.2642,0.3013,MM Wallet,NFT,Old Wallet,NO
12/09/2022,,2367,Mint,WP,0.2500,$317.40,0.0049,$6.24,0.0000,$0.00,0.2549,0.2745,0.2614,2.5%,0.0%,0.0118,0.2618,0.2676,MM Wallet,NFT,Old Wallet,NO
12/10/2022,,427,Mint,NP,0.4000,$22.54,0.0091,$10.58,0.0009,$1.02,0.4100,2.6000,0.4685,2.5%,10.0%,0.3350,0.7350,2.2750,MM Wallet,NFT,Old Wallet,NO
12/11/2022,,3669,Mint,AZ,0.0000,$0.00,0.0021,$2.67,0.0009,$1.14,0.0030,0.0040,0.0034,2.5%,10.0%,0.0035,0.0035,0.0035,MM Wallet,NFT,Old Wallet,NO
12/11/2022,,4016,Mint,WP,0.2000,$254.42,0.0016,$2.03,0.0006,$0.80,0.2022,0.2360,0.2074,2.5%,0.0%,0.0081,0.2081,0.2301,MM Wallet,NFT,Ledger,NO
12/11/2022,,4003,Mint,AZ,0.0000,$0.00,0.0020,$2.54,0.0011,$1.41,0.0031,0.0004,0.0035,2.5%,10.0%,0.0032,0.0032,0.0004,MM Wallet,NFT,Burner,NO
12/15/2022,,3117,Mint,WP,0.0500,$63.51,0.0021,$2.63,0.0014,$1.78,0.0535,0.0597,0.0590,2.5%,6.9%,0.0091,0.0591,0.0541,MM Wallet,NFT,Old Wallet,NO
12/15/2022,,3118,Mint,WP,0.0500,$63.51,0.0021,$2.63,0.0000,$0.00,0.0521,0.0624,0.0575,2.5%,6.9%,0.0079,0.0579,0.0565,MM Wallet,NFT,Old Wallet,NO
12/15/2022,,12220,Mint,WP,0.0000,$0.00,0.0035,$4.27,0.0000,$0.00,0.0035,,0.0036,2.5%,0.0%,0.0035,0.0035,0.0000,MM Wallet,NFT,Old Wallet,NO
12/16/2022,,5,Mint,NP,0.1000,$118.91,0.0011,$1.32,0.0022,$2.71,0.1033,0.0000,0.1181,2.5%,10.0%,0.0033,0.1033,0.0000,MM Wallet,NFT,Ledger,NO
12/16/2022,,5,Mint,NP,0.1000,$118.91,0.0011,$1.32,0.0000,$0.00,0.1011,0.0000,0.1156,2.5%,10.0%,0.0011,0.1011,0.0000,MM Wallet,NFT,Ledger,NO
12/16/2022,,5,Mint,NP,0.1000,$118.91,0.0011,$1.32,0.0000,$0.00,0.1011,0.0000,0.1156,2.5%,10.0%,0.0011,0.1011,0.0000,MM Wallet,NFT,Ledger,NO
12/19/2022,,1,Mint,WP,0.1000,$117.45,0.0012,$1.41,0.0010,$1.13,0.1022,,0.1168,2.5%,10.0%,0.0022,0.1022,0.0000,MM Wallet,NFT,Ledger,NO
12/19/2022,,1,Mint,WP,0.1000,$117.45,0.0012,$1.41,0.0000,$0.00,0.1012,,0.1157,2.5%,10.0%,0.0012,0.1012,0.0000,MM Wallet,NFT,Ledger,NO
12/19/2022,,2,Mint,TW,0.0990,$116.40,0.0024,$2.88,0.0011,$1.77,0.1026,,0.1172,2.5%,10.0%,0.0036,0.1026,0.0000,MM Wallet,NFT,Ledger,NO
12/20/2022,,382,Mint,TW,0.0400,$48.28,0.0013,$1.57,0.0013,$1.53,0.0426,0.0747,0.0473,2.5%,7.5%,0.0100,0.0500,0.0672,MM Wallet,NFT,Old Wallet,NO
12/20/2022,,383,Mint,TW,0.0400,$48.28,0.0013,$1.57,0.0000,$0.00,0.0413,,0.0459,2.5%,7.5%,0.0013,0.0413,0.0000,MM Wallet,NFT,Old Wallet,NO
12/20/2022,,6,Mint,NP,0.0000,$0.00,0.0000,$0.00,0.0000,$0.00,0.0000,,0.0000,2.5%,10.0%,0.0000,0.0000,0.0000,MM Wallet,NFT,Ledger,NO
12/20/2022,,5,Secondary,NP,0.0997,$120.82,0.0019,$2.34,0.0000,$0.00,0.1016,0.0000,0.1161,2.5%,10.0%,0.0019,0.1016,0.0000,MM Wallet,NFT,Ledger,NO
12/20/2022,,5,Secondary,NP,0.1020,$123.59,0.0019,$2.34,0.0000,$0.00,0.1039,0.0000,0.1188,2.5%,10.0%,0.0019,0.1039,0.0000,MM Wallet,NFT,Ledger,NO
12/20/2022,,5,Secondary,NP,0.0997,$120.76,0.0017,$2.05,0.0000,$0.00,0.1014,0.0000,0.1159,2.5%,10.0%,0.0017,0.1014,0.0000,MM Wallet,NFT,Ledger,
12/20/2022,,5,Secondary,NP,0.1139,$138.02,0.0017,$2.10,0.0000,$0.00,0.1156,0.0000,0.1322,2.5%,10.0%,0.0017,0.1156,0.0000,MM Wallet,NFT,Ledger,
12/20/2022,,5,Secondary,NP,0.1150,$139.36,0.0017,$2.10,0.0000,$0.00,0.1167,0.0000,0.1334,2.5%,10.0%,0.0017,0.1167,0.0000,MM Wallet,NFT,Ledger,
12/21/2022,,531,Secondary,AZ,0.0042,$5.07,0.0029,$3.49,0.0009,$1.07,0.0079,0.0067,0.0086,2.5%,5.0%,0.0043,0.0084,0.0062,MM Wallet,NFT,Old Wallet,NO
12/21/2022,,533,Secondary,AZ,0.0042,$5.07,0.0029,$3.49,0.0000,$0.00,0.0070,0.0067,0.0076,2.5%,5.0%,0.0034,0.0075,0.0062,MM Wallet,NFT,Old Wallet,NO
12/21/2022,,540,Secondary,AZ,0.0042,$5.07,0.0029,$3.49,0.0000,$0.00,0.0070,0.0067,0.0076,2.5%,5.0%,0.0034,0.0075,0.0062,MM Wallet,NFT,Old Wallet,NO
12/21/2022,,7,Mint,NP,0.0000,$0.00,0.0028,$3.41,0.0019,$2.30,0.0047,,0.0054,2.5%,10.0%,0.0047,0.0047,0.0000,MM Wallet,NFT,Ledger,
12/21/2022,,7,Mint,NP,0.0000,$0.00,0.0027,$3.27,0.0000,$0.00,0.0027,,0.0031,2.5%,10.0%,0.0027,0.0027,0.0000,MM Wallet,NFT,Ledger,
12/23/2022,,213,Secondary,NP,0.0200,$24.28,0.0052,$6.36,0.0009,$1.14,0.0262,0.0066,0.0268,2.5%,0.0%,0.0063,0.0263,0.0064,MM Wallet,NFT,Old Wallet,NO
12/23/2022,,234,Secondary,NP,0.0200,$24.28,0.0052,$6.36,0.0000,$0.00,0.0252,0.0067,0.0259,2.5%,0.0%,0.0054,0.0254,0.0065,MM Wallet,NFT,Old Wallet,NO
12/23/2022,,63,Mint,AZ,0.0020,$2.44,0.0004,$0.47,0.0008,$0.96,0.0032,0.0094,0.0033,2.5%,0.0%,0.0014,0.0034,0.0092,MM Wallet,NFT,Old Wallet,NO
12/23/2022,,64,Mint,AZ,0.0020,$2.44,0.0004,$0.47,0.0000,$0.00,0.0024,0.0159,0.0024,2.5%,0.0%,0.0008,0.0028,0.0155,MM Wallet,NFT,Old Wallet,NO
12/23/2022,,65,Mint,AZ,0.0020,$2.44,0.0004,$0.47,0.0000,$0.00,0.0024,0.0087,0.0024,2.5%,0.0%,0.0006,0.0026,0.0085,MM Wallet,NFT,Old Wallet,NO
12/23/2022,,66,Mint,AZ,0.0020,$2.44,0.0004,$0.47,0.0000,$0.00,0.0024,0.0120,0.0024,2.5%,0.0%,0.0007,0.0027,0.0117,MM Wallet,NFT,Old Wallet,NO
,,66,Mint,AZ,0.0020,$2.44,0.0004,$0.47,0.0000,$0.00,0.0024,0.0120,0.0024,2.5%,0.0%,0.0007,0.0027,0.0117,MM Wallet,NFT,Old Wallet,NO
12/25/2022,,8,Mint,AZ,0.0020,$2.43,0.0003,$0.35,0.0008,$1.03,0.0031,0.0100,0.0032,2.5%,0.0%,0.0014,0.0034,0.0098,MM Wallet,NFT,Old Wallet,NO
12/25/2022,,9,Mint,AZ,0.0020,$2.43,0.0003,$0.35,0.0000,$0.00,0.0023,0.0100,0.0023,2.5%,0.0%,0.0005,0.0025,0.0098,MM Wallet,NFT,Old Wallet,NO
12/25/2022,,10,Mint,AZ,0.0020,$2.43,0.0003,$0.35,0.0000,$0.00,0.0023,0.0100,0.0023,2.5%,0.0%,0.0005,0.0025,0.0098,MM Wallet,NFT,Old Wallet,NO
12/25/2022,,11,Mint,AZ,0.0020,$2.43,0.0003,$0.35,0.0000,$0.00,0.0023,0.0100,0.0023,2.5%,0.0%,0.0005,0.0025,0.0098,MM Wallet,NFT,Old Wallet,NO
12/25/2022,,12,Mint,AZ,0.0020,$2.43,0.0003,$0.35,0.0000,$0.00,0.0023,0.0100,0.0023,2.5%,0.0%,0.0005,0.0025,0.0098,MM Wallet,NFT,Old Wallet,NO
12/29/2022,,34227,Mint,NP,0.0000,$0.00,0.0029,$4.82,0.0012,$1.86,0.0041,0.0000,0.0047,2.5%,10.0%,0.0041,0.0041,0.0000,MM Wallet,NFT,Old Wallet,NO
12/29/2022,,1,Mint,AG,0.0260,$31.10,0.0059,$7.02,0.0000,$0.00,0.0319,,0.0364,2.5%,10.0%,0.0059,0.0319,0.0000,MM Wallet,NFT,Ledger,
12/31/2022,,1,Mint,WP,0.0000,$0.00,0.0021,$2.51,0.0000,$0.00,0.0021,,0.0024,2.5%,10.0%,0.0021,0.0021,0.0000,MM Wallet,NFT,Ledger,
12/31/2022,,4,Mint,WP,0.0000,$0.00,0.0020,$2.36,0.0000,$0.00,0.0020,0.0000,0.0022,2.5%,10.0%,0.0020,0.0020,0.0000,MM Wallet,NFT,Ledger,
12/31/2022,,3,Mint,WP,0.0000,$0.00,0.0021,$2.54,0.0010,$1.51,0.0031,0.0190,0.0035,2.5%,10.0%,0.0055,0.0055,0.0166,MM Wallet,NFT,Ledger,