"Alpha Group","Mint/NFT Cost (ETH)","Mint/NFT Cost ($)","Gas Fee (ETH)","Gas Fees ($)","Listing Fee Total (ETH)","Listing Fee Total ($)","Cost of Trade (ETH)","Sell Price (ETH)",Breakeven,"OS Fee","Royalty Fee","Total Fees (ETH)","Initial + Fee (ETH)","Eth Expect to Receive",Wallet,Transfer_Updated,Method_Updated,Profit/Loss,Date_Updated
NP,0.069,$261.55,0.0099,$37.55,0.0305,$116.82,0.1094,0.1140,0.1164,2.5%,3.5%,0.0473,0.1163,0.1072,Main,NO,Mint,-0.0023,2022-01-02
NP,0.069,$261.55,0.0099,$37.55,0,$0.00,0.0789,0.1230,0.0839,2.5%,3.5%,0.0173,0.0863,0.1156,Main,NO,Mint,0.0367,2022-01-02
NP,0.02,$24.35,0.003,$3.61,0.0009,$1.11,0.0238,0.0730,0.0258,2.5%,5.0%,0.0093,0.0293,0.0675,Main,NO,Mint,0.0437,2022-01-02
NP,0.02,$24.35,0.003,$3.61,0,$0.00,0.023,0.1190,0.0248,2.5%,5.0%,0.0119,0.0319,0.1101,Main,NO,Mint,0.0871,2022-01-02
TW,0,$0.00,0.0019,$2.36,0.001,$1.21,0.0029,,0.003,2.5%,0.0%,0.0029,0.0029,0,Main,"Transfer Sent",Mint,-0.0029,2022-01-02
NP,0.025,$30.35,0.0041,$4.99,0.0008,$0.93,0.0299,0.0480,0.0306,2.5%,0.0%,0.0061,0.0311,0.0468,Main,NO,Secondary,0.0169,2022-01-02
WP,0.05,$60.89,0.0008,$0.96,0.0011,$1.28,0.0518,0.0780,0.0532,2.5%,0.0%,0.0038,0.0538,0.0761,Ledger,NO,Mint,0.0242,2022-01-02
WP,0.05,$60.89,0.0008,$0.96,0,$0.00,0.0508,0.0890,0.0521,2.5%,0.0%,0.003,0.053,0.0868,Ledger,NO,Mint,0.0360,2022-01-02
WP,0,$0.00,0.0021,$2.57,0,$0.00,0.0021,,0.0023,2.5%,6.9%,0.0021,0.0021,0,Ledger,NO,Mint,-0.0021,2022-01-02
TW,0,$0.00,0.0019,$2.36,0.001,$1.21,0.0029,,0.003,2.5%,0.0%,0.0029,0.0029,0,Ledger,"Transfer Received",Mint,-0.0029,2022-01-02
TW,0,$0.00,0.0018,$2.23,0.0007,$0.90,0.0025,,0.0026,2.5%,0.0%,0.0025,0.0025,0,Ledger,"Transfer Received",Mint,-0.0025,2022-01-02
TW,0,$0.00,0.0018,$2.23,0.0007,$0.90,0.0025,,0.0026,2.5%,0.0%,0.0025,0.0025,0,Burner,NO,Mint,-0.0025,2022-01-02
AS,0,$0.00,0.0028,$3.39,0,$0.00,0.0028,,0.0031,2.5%,7.5%,0.0028,0.0028,0,Main,NO,Mint,-0.0028,2022-01-03
WP,0.0066,$7.99,0.0022,$2.68,0.001,$1.25,0.0098,0.0134,0.0101,2.5%,0.0%,0.0035,0.0101,0.0131,Main,NO,Mint,0.0033,2022-01-03
NP,0,$0.00,0.002,$2.36,0,$0.00,0.002,,0.0022,2.5%,10.0%,0.002,0.002,0,Ledger,NO,Mint,-0.0020,2022-01-03
AS,0,$0.00,0.0033,$3.94,0,$0.00,0.0033,,0.0036,2.5%,7.5%,0.0033,0.0033,0,Burner,NO,Mint,-0.0033,2022-01-03
WP,0.0071,$8.95,0.0034,$4.29,0.0014,$1.73,0.0119,0.0280,0.0122,2.5%,0.0%,0.0055,0.0126,0.0273,Main,NO,Mint,0.0154,2022-01-04
WP,0.0071,$8.95,0.0034,$4.29,0,$0.00,0.0105,0.0480,0.0108,2.5%,0.0%,0.0046,0.0117,0.0468,Main,NO,Mint,0.0363,2022-01-04
WP,0.0071,$8.95,0.0034,$4.29,0,$0.00,0.0105,0.0720,0.0108,2.5%,0.0%,0.0052,0.0123,0.0702,Main,NO,Mint,0.0597,2022-01-04
WP,0.0071,$8.95,0.0034,$4.29,0,$0.00,0.0105,0.0930,0.0108,2.5%,0.0%,0.0057,0.0129,0.0907,Main,NO,Mint,0.0801,2022-01-04
NP,0.003,$3.77,0.0006,$0.80,0.0011,$1.35,0.0047,,0.0052,2.5%,7.0%,0.0017,0.0047,0,Ledger,NO,Mint,-0.0047,2022-01-04
NP,0.003,$3.77,0.0006,$0.80,0,$0.00,0.0036,,0.004,2.5%,7.0%,0.0006,0.0036,0,Ledger,NO,Mint,-0.0036,2022-01-04
NP,0.003,$3.77,0.0006,$0.80,0,$0.00,0.0036,,0.004,2.5%,7.0%,0.0006,0.0036,0,Ledger,NO,Mint,-0.0036,2022-01-04
NP,0.003,$3.77,0.0006,$0.80,0,$0.00,0.0036,,0.004,2.5%,7.0%,0.0006,0.0036,0,Ledger,NO,Mint,-0.0036,2022-01-04
WP,0.0007,$0.86,0.003,$3.76,0,$0.00,0.002,0.0000,0.0022,2.5%,10.0%,0.002,0.002,0,Ledger,NO,Secondary,-0.0020,2022-01-04
NP,0.257,$321.73,0.0034,$4.24,0.001,$1.30,0.2614,,0.2695,2.5%,0.5%,0.0044,0.2614,0,Main,NO,Secondary,-0.2614,2022-01-05
WP,0.006,$7.49,0.0016,$2.03,0,$0.00,0.0076,,0.0078,2.5%,0.0%,0.0016,0.0076,0,Ledger,NO,Mint,-0.0076,2022-01-05
WP,0.006,$7.49,0.0016,$2.03,0,$0.00,0.0076,,0.0078,2.5%,0.0%,0.0016,0.0076,0,Ledger,NO,Mint,-0.0076,2022-01-05
WP,0.0072,$8.98,0.0045,$5.56,0,$0.00,0.002,0.0000,0.0022,2.5%,10.0%,0.002,0.002,0,Ledger,NO,Secondary,-0.0020,2022-01-05
WP,0,$0.00,0.0032,$3.95,0.0014,$1.77,0.002,,0.0022,2.5%,10.0%,0.002,0.002,0,Ledger,NO,Secondary,-0.0020,2022-01-05
WP,0.08,$101.27,0.005,$6.36,0.0009,$1.20,0.086,0.2490,0.0905,2.5%,2.5%,0.0184,0.0984,0.2366,Main,NO,Mint,0.1506,2022-01-06
MK,0.044,$55.66,0.0011,$1.41,0.0011,$1.38,0.0462,,0.0528,2.5%,10.0%,0.0022,0.0462,0,Main,"Transfer Sent",Mint,-0.0462,2022-01-07
MK,0.044,$55.66,0.0011,$1.41,0.0007,$0.92,0.0458,,0.0524,2.5%,10.0%,0.0018,0.0458,0,Main,NO,Mint,-0.0458,2022-01-07
MK,0.044,$55.66,0.0011,$1.41,0.0011,$1.38,0.0462,,0.0528,2.5%,10.0%,0.0022,0.0462,0,Ledger,"Transfer Received",Mint,-0.0462,2022-01-07
MK,0.044,$55.66,0.0011,$1.41,0.0007,$0.92,0.0458,,0.0524,2.5%,10.0%,0.0018,0.0458,0,Ledger,"Transfer Received",Mint,-0.0458,2022-01-07
NP,0.15,$475.91,0.0129,$40.72,0.01,$32.81,0.1729,0.1690,0.1975,2.5%,10.0%,0.044,0.194,0.1479,Main,NO,Mint,-0.0250,2022-01-09
NP,0.15,$475.91,0.0129,$40.72,0,$0.00,0.1629,0.1780,0.1861,2.5%,10.0%,0.0351,0.1851,0.1558,Main,NO,Mint,-0.0071,2022-01-09
WP,0.1181,$156.65,0.0036,$4.74,0,$0.00,0.1217,,0.1391,2.5%,10.0%,0.0036,0.1217,0,Ledger,NO,Mint,-0.1217,2022-01-09
NP,0.1,$120.04,0,$0.00,0.0008,$0.91,0.1008,,0.1033,2.5%,0.0%,0.0008,0.1008,0,Ledger,NO,Secondary,-0.1008,2022-01-10
NP,0.2,$614.74,0.0256,$78.66,0,$0.00,0.2256,0.2990,0.2507,2.5%,7.5%,0.0555,0.2555,0.2691,Main,NO,Mint,0.0435,2022-01-10
TW,0.044,$58.49,0.0033,$4.36,0.0016,$2.10,0.0489,0.0650,0.0528,2.5%,5.0%,0.0097,0.0537,0.0601,Main,NO,Mint,0.0113,2022-01-10
MK,0.033,$46.12,0.004,$5.65,0,$0.00,0.037,,0.0423,2.5%,10.0%,0.004,0.037,0,Ledger,NO,Mint,-0.0370,2022-01-10
NP,0,$0.00,0.002,$2.78,0.0016,$2.43,0.0035,0.0130,0.0036,2.5%,0.0%,0.0039,0.0039,0.0127,Ledger,NO,Mint,0.0091,2022-01-12
WP,0.006,$8.50,0.0022,$3.11,0,$0.00,0.0082,,0.0084,2.5%,0.0%,0.0022,0.0082,0,Ledger,NO,Mint,-0.0082,2022-01-12
TW,0,$0.00,0,$0.00,0.0008,$1.19,0.0008,,0.001,2.5%,10.0%,0.0008,0.0008,0,Ledger,NO,Airdrop,-0.0008,2022-01-12
NP,0.25,$818.72,0.0352,$115.27,0.0136,$44.49,0.2988,1.7900,0.3415,2.5%,10.0%,0.2725,0.5225,1.5663,Main,NO,Mint,1.2675,2022-01-14
NP,0.25,$818.72,0.0352,$115.27,0,$0.00,0.2852,1.9870,0.3259,2.5%,10.0%,0.2836,0.5336,1.7386,Main,NO,Mint,1.4534,2022-01-14
MK,0,$0.00,0.0037,$5.68,0,$0.00,0.0037,,0.0038,2.5%,0.0%,0.0037,0.0037,0,Main,"Transfer Sent",Airdrop,-0.0037,2022-01-14
NP,0,$0.00,0.002,$3.07,0,$0.00,0.002,,0.0023,2.5%,10.0%,0.002,0.002,0,Ledger,NO,Mint,-0.0020,2022-01-14
NP,0,$0.00,0.0019,$2.95,0,$0.00,0.0019,,0.0022,2.5%,10.0%,0.0019,0.0019,0,Ledger,NO,Mint,-0.0019,2022-01-14
MK,0,$0.00,0.0037,$5.68,0,$0.00,0.0037,,0.0038,2.5%,0.0%,0.0037,0.0037,0,Ledger,"Transfer Received",Airdrop,-0.0037,2022-01-14
YT,0.069,$231.29,0.0098,$32.76,0,$0.00,0.0788,,0.0852,2.5%,5.0%,0.0098,0.0788,0,Main,"Transfer Sent",Mint,-0.0788,2022-01-16
TW,0,$0.00,0.0033,$5.10,0.0012,$1.88,0.0045,0.4900,0.0046,2.5%,0.0%,0.0168,0.0168,0.4778,Main,NO,Mint,0.4732,2022-01-16
YT,0.069,$231.29,0.0098,$32.76,0,$0.00,0.0788,,0.0852,2.5%,5.0%,0.0098,0.0788,0,Ledger,"Transfer Received",Mint,-0.0788,2022-01-16
MK,0.05,$79.03,0.0065,$10.22,0,$0.00,0.0565,0.0000,0.0579,2.5%,0.0%,0.0065,0.0565,0,Ledger,"Transfer Sent",Mint,-0.0565,2022-01-17
MK,0.05,$79.01,0.0017,$2.61,0.0015,$2.33,0.0531,,0.0545,2.5%,0.0%,0.0031,0.0531,0,Ledger,NO,Mint,-0.0531,2022-01-17
MK,0.05,$79.01,0.0017,$2.61,0,$0.00,0.0517,,0.053,2.5%,0.0%,0.0017,0.0517,0,Ledger,NO,Mint,-0.0517,2022-01-17
NP,0,$0.00,0.004,$6.29,0,$0.00,0.004,,0.0041,2.5%,0.6%,0.004,0.004,0,Ledger,NO,Mint,-0.0040,2022-01-17
MK,0.0067,$10.22,0.0034,$5.16,0,$0.00,0.01,,0.0107,2.5%,4.2%,0.0034,0.01,0,Ledger,NO,Mint,-0.0100,2022-01-19
NP,0.088,$286.06,0.0198,$64.44,0.0046,$14.91,0.1124,1.9280,0.1249,2.5%,7.5%,0.2172,0.3052,1.7352,Main,NO,Mint,1.6228,2022-01-20
WP,0,$0.00,0.0036,$5.96,0,$0.00,0.0036,0.0000,0.0038,2.5%,2.5%,0.0036,0.0036,0,Main,"Transfer Sent",Mint,-0.0036,2022-01-20
MK,0,$0.00,0.0045,$7.29,0,$0.00,0.0045,,0.0051,2.5%,10.0%,0.0045,0.0045,0,Ledger,NO,Mint,-0.0045,2022-01-20
WP,0,$0.00,0.0025,$4.23,0,$0.00,0.0025,,0.0027,2.5%,2.5%,0.0025,0.0025,0,Ledger,NO,Mint,-0.0025,2022-01-20
WP,0,$0.00,0.0034,$5.68,0,$0.00,0.0034,,0.0036,2.5%,2.5%,0.0034,0.0034,0,Ledger,NO,Mint,-0.0034,2022-01-20
WP,0,$0.00,0.0036,$5.96,0,$0.00,0.0036,,0.0038,2.5%,2.5%,0.0036,0.0036,0,Ledger,"Transfer Received",Mint,-0.0036,2022-01-20
MK,0.0069,$11.44,0.0029,$4.82,0,$0.00,0.0098,0.0000,0.0101,2.5%,0.0%,0.0029,0.0098,0,Main,"Transfer Sent",Mint,-0.0098,2022-01-21
MK,0.05,$82.62,0.0023,$3.82,0,$0.00,0.0523,,0.0634,2.5%,15.0%,0.0023,0.0523,0,Ledger,NO,Mint,-0.0523,2022-01-21
MK,0.0169,$28.02,0.0022,$3.71,0,$0.00,0.0191,,0.0219,2.5%,10.0%,0.0022,0.0191,0,Ledger,NO,Mint,-0.0191,2022-01-21
MK,0.0069,$11.44,0.0029,$4.82,0,$0.00,0.0098,,0.0101,2.5%,0.0%,0.0029,0.0098,0,Ledger,"Transfer Received",Mint,-0.0098,2022-01-21
MK,0.0044,$719.00,0.0021,$3.50,0,$0.00,0.0065,,0.0075,2.5%,10.0%,0.0021,0.0065,0,Ledger,NO,Mint,-0.0065,2022-01-22
MK,0,$0.00,0.0032,$5.22,0,$0.00,0.0032,,0.0036,2.5%,10.0%,0.0032,0.0032,0,Ledger,NO,Mint,-0.0032,2022-01-23
MK,0,$0.00,0.0002,$0.31,0.001,$1.53,0.0012,,0.0012,2.5%,0.0%,0.0012,0.0012,0,Ledger,NO,Mint,-0.0012,2022-01-23
MK,0,$0.00,0.0002,$0.31,0,$0.00,0.0002,,0.0002,2.5%,0.0%,0.0002,0.0002,0,Ledger,NO,Mint,-0.0002,2022-01-23
MK,0,$0.00,0.0002,$0.31,0,$0.00,0.0002,,0.0002,2.5%,0.0%,0.0002,0.0002,0,Ledger,NO,Mint,-0.0002,2022-01-23
MK,0,$0.00,0.0002,$0.31,0,$0.00,0.0002,,0.0002,2.5%,0.0%,0.0002,0.0002,0,Ledger,NO,Mint,-0.0002,2022-01-23
MK,0,$0.00,0.0002,$0.31,0,$0.00,0.0002,,0.0002,2.5%,0.0%,0.0002,0.0002,0,Ledger,NO,Mint,-0.0002,2022-01-23
MK,0,$0.00,0.0002,$0.31,0,$0.00,0.0002,,0.0002,2.5%,0.0%,0.0002,0.0002,0,Ledger,NO,Mint,-0.0002,2022-01-23
MK,0,$0.00,0.0002,$0.31,0,$0.00,0.0002,,0.0002,2.5%,0.0%,0.0002,0.0002,0,Ledger,NO,Mint,-0.0002,2022-01-23
MK,0,$0.00,0.0002,$0.31,0,$0.00,0.0002,,0.0002,2.5%,0.0%,0.0002,0.0002,0,Ledger,NO,Mint,-0.0002,2022-01-23
MK,0,$0.00,0.0002,$0.31,0,$0.00,0.0002,,0.0002,2.5%,0.0%,0.0002,0.0002,0,Ledger,NO,Mint,-0.0002,2022-01-23
MK,0,$0.00,0.0002,$0.31,0,$0.00,0.0002,,0.0002,2.5%,0.0%,0.0002,0.0002,0,Ledger,NO,Mint,-0.0002,2022-01-23
MK,0,$0.00,0.0002,$0.31,0,$0.00,0.0002,,0.0002,2.5%,0.0%,0.0002,0.0002,0,Ledger,NO,Mint,-0.0002,2022-01-23
MK,0,$0.00,0.0002,$0.31,0,$0.00,0.0002,,0.0002,2.5%,0.0%,0.0002,0.0002,0,Ledger,NO,Mint,-0.0002,2022-01-23
MK,0,$0.00,0.0002,$0.31,0,$0.00,0.0002,,0.0002,2.5%,0.0%,0.0002,0.0002,0,Ledger,NO,Mint,-0.0002,2022-01-23
MK,0,$0.00,0.0002,$0.31,0,$0.00,0.0002,,0.0002,2.5%,0.0%,0.0002,0.0002,0,Ledger,NO,Mint,-0.0002,2022-01-23
MK,0,$0.00,0.0002,$0.31,0,$0.00,0.0002,,0.0002,2.5%,0.0%,0.0002,0.0002,0,Ledger,NO,Mint,-0.0002,2022-01-23
MK,0,$0.00,0.0002,$0.31,0,$0.00,0.0002,,0.0002,2.5%,0.0%,0.0002,0.0002,0,Ledger,NO,Mint,-0.0002,2022-01-23
MK,0,$0.00,0.0002,$0.31,0,$0.00,0.0002,,0.0002,2.5%,0.0%,0.0002,0.0002,0,Ledger,NO,Mint,-0.0002,2022-01-23
MK,0,$0.00,0.0002,$0.31,0,$0.00,0.0002,,0.0002,2.5%,0.0%,0.0002,0.0002,0,Ledger,NO,Mint,-0.0002,2022-01-23
MK,0,$0.00,0.0002,$0.31,0,$0.00,0.0002,,0.0002,2.5%,0.0%,0.0002,0.0002,0,Ledger,NO,Mint,-0.0002,2022-01-23
MK,0,$0.00,0.0002,$0.31,0,$0.00,0.0002,,0.0002,2.5%,0.0%,0.0002,0.0002,0,Ledger,NO,Mint,-0.0002,2022-01-23
MK,0.07,$114.20,0.0025,$4.12,0.0007,$1.13,0.0732,,0.0837,2.5%,10.0%,0.0032,0.0732,0,Ledger,NO,Mint,-0.0732,2022-01-23
MK,0.006,$9.65,0.0031,$4.99,0.0013,$2.34,0.0104,0.0000,0.0113,2.5%,5.0%,0.0044,0.0104,0,Ledger,NO,Mint,-0.0104,2022-01-24
MK,0.0666,$103.64,0.0028,$4.52,0,$0.00,0.0694,,0.0793,2.5%,10.0%,0.0028,0.0694,0,Ledger,NO,Mint,-0.0694,2022-01-24
MK,0,$0.00,0.0031,$4.90,0.0011,$1.76,0.0042,0.0290,0.0045,2.5%,4.2%,0.0061,0.0061,0.0271,Ledger,NO,Mint,0.0229,2022-01-24
MK,0.0088,$14.10,0.0007,$1.17,0,$0.00,0.0095,0.0000,0.0109,2.5%,10.0%,0.0007,0.0095,0,Ledger,NO,Mint,-0.0095,2022-01-24
MK,0.0088,$14.10,0.0007,$1.17,0,$0.00,0.0095,0.0000,0.0109,2.5%,10.0%,0.0007,0.0095,0,Ledger,NO,Mint,-0.0095,2022-01-24
MK,0.0088,$14.10,0.0007,$1.17,0,$0.00,0.0095,0.0000,0.0109,2.5%,10.0%,0.0007,0.0095,0,Ledger,NO,Mint,-0.0095,2022-01-24
MK,0.0088,$14.10,0.0007,$1.17,0,$0.00,0.0095,0.0000,0.0109,2.5%,10.0%,0.0007,0.0095,0,Ledger,NO,Mint,-0.0095,2022-01-24
MK,0.0088,$14.10,0.0007,$1.17,0,$0.00,0.0095,0.0000,0.0109,2.5%,10.0%,0.0007,0.0095,0,Ledger,NO,Mint,-0.0095,2022-01-24
MK,0,$0.00,0,$0.00,0,$0.00,0,,0,2.5%,6.9%,0,0,0,Ledger,NO,Airdrop,0.0000,2022-01-27
MK,0,$0.00,0,$0.00,0,$0.00,0,,0,2.5%,6.9%,0,0,0,Ledger,NO,Airdrop,0.0000,2022-01-27
MK,0,$0.00,0.0026,$4.14,0,$0.00,0.0026,,0.003,2.5%,10.0%,0.0026,0.0026,0,Ledger,NO,Mint,-0.0026,2022-01-27
NP,0.09,$230.99,0.0177,$45.45,0.0054,$13.78,0.1131,0.1750,0.1222,2.5%,5.0%,0.0362,0.1262,0.1619,Main,NO,Mint,0.0488,2022-01-28
NP,0.09,$230.99,0.01,$25.85,0,$0.00,0.1,0.2000,0.1081,2.5%,5.0%,0.025,0.115,0.185,Main,NO,Mint,0.0850,2022-01-28
NP,0.09,$230.99,0.01,$25.85,0,$0.00,0.1,0.1980,0.1081,2.5%,5.0%,0.0249,0.1149,0.1832,Main,NO,Mint,0.0831,2022-01-28
MK,0.0007,$1.08,0.0011,$1.67,0,$0.00,0.0018,,0.002,2.5%,10.0%,0.0011,0.0018,0,Ledger,NO,Mint,-0.0018,2022-01-30
MK,0.0007,$1.08,0.0011,$1.67,0,$0.00,0.0018,,0.002,2.5%,10.0%,0.0011,0.0018,0,Ledger,NO,Mint,-0.0018,2022-01-30
NP,0.25,$695.46,0.056,$156.83,0.0163,$45.23,0.3223,0.4188,0.3683,2.5%,10.0%,0.1246,0.3746,0.3665,Main,NO,Mint,0.0442,2022-02-01
NP,0.25,$695.46,0.056,$156.83,0,$0.00,0.306,0.5480,0.3497,2.5%,10.0%,0.1245,0.3745,0.4795,Main,NO,Mint,0.1735,2022-02-01
MK,0,$0.00,0.0055,$8.70,0,$0.00,0.0055,,0.0063,2.5%,10.0%,0.0055,0.0055,0,Ledger,NO,Airdrop,-0.0055,2022-02-01
NP,0.135,$366.02,0.0288,$78.02,0.0061,$16.39,0.1698,0.0100,0.1742,2.5%,0.0%,0.0351,0.1701,0.0098,Main,NO,Secondary,-0.1601,2022-02-02
NP,0.1,$295.56,0.0119,$35.31,0.0051,$15.03,0.117,0.1690,0.1337,2.5%,10.0%,0.0382,0.1382,0.1479,Main,NO,Mint,0.0308,2022-02-04
NP,0.1,$295.70,0.0132,$38.97,0.0018,$2.20,0.115,,0.1315,2.5%,10.0%,0.015,0.115,0,Main,NO,Mint,-0.1150,2022-02-04
NP,0.077,$233.18,0.009,$26.39,0.0045,$13.60,0.0905,0.1970,0.1005,2.5%,7.5%,0.0332,0.1102,0.1773,Main,NO,Mint,0.0868,2022-02-04
NP,0.077,$233.18,0.009,$26.39,0,$0.00,0.086,,0.0956,2.5%,7.5%,0.009,0.086,0,Main,NO,Mint,-0.0860,2022-02-04
WP,0,$0.00,0.0047,$7.82,0,$0.00,0.0047,,0.0048,2.5%,0.0%,0.0047,0.0047,0,Main,NO,Mint,-0.0047,2022-02-04
MK,0,$0.00,0,$0.00,0,$0.00,0,,0,2.5%,6.9%,0,0,0,Ledger,NO,Airdrop,0.0000,2022-02-04
WP,0,$0.00,0.0043,$7.21,0,$0.00,0.0043,,0.0044,2.5%,0.0%,0.0043,0.0043,0,Ledger,NO,Mint,-0.0043,2022-02-04
NP,0.15,$454.78,0.019,$58.00,0.0077,$23.34,0.1767,0.2100,0.1963,2.5%,7.5%,0.0477,0.1977,0.189,Main,NO,Mint,0.0123,2022-02-05
NP,0.15,$454.78,0.019,$58.00,0,$0.00,0.169,0.2240,0.1878,2.5%,7.5%,0.0414,0.1914,0.2016,Main,NO,Mint,0.0326,2022-02-05
NP,0.15,$454.78,0.019,$58.00,0,$0.00,0.169,0.2210,0.1878,2.5%,7.5%,0.0411,0.1911,0.1989,Main,NO,Mint,0.0299,2022-02-05
MK,0,$0.00,0.0027,$4.36,0,$0.00,0.0027,0.0130,0.0031,2.5%,10.0%,0.0043,0.0043,0.0114,Main,NO,Mint,0.0087,2022-02-05
MK,0,$0.00,0.0022,$3.36,0.0018,$2.79,0.004,0.2610,0.0042,2.5%,0.0%,0.0106,0.0106,0.2545,Main,"Transfer Sent",Airdrop,0.2504,2022-02-05
NP,0,$0.00,0.0137,$42.73,0.0072,$22.57,0.0209,,0.0214,2.5%,0.0%,0.0209,0.0209,0,Main,NO,Mint,-0.0209,2022-02-07
NP,3,$22.54,0.0091,$10.95,0.0026,$3.09,3.0117,6.0000,3.3463,2.5%,7.5%,0.6117,3.6117,5.4,Main,NO,Mint,2.3883,2022-02-10
NP,0.05,$155.81,0.0102,$31.71,0.0025,$7.89,0.0627,0.1140,0.0717,2.5%,10.0%,0.027,0.077,0.0998,Main,NO,Mint,0.0370,2022-02-11
AS,0.059,$90.00,0.0057,$8.61,0.0012,$1.79,0.0659,0.0200,0.0675,2.5%,0.0%,0.0074,0.0664,0.0195,Main,NO,Secondary,-0.0464,2022-02-11
MK,0,$0.00,0.0018,$2.75,0.0015,$2.53,0.0033,,0.0037,2.5%,10.0%,0.0033,0.0033,0,Main,NO,Mint,-0.0033,2022-02-11
WP,0,$0.00,0.0066,$10.02,0.0016,$2.49,0.0082,0.0009,0.0089,2.5%,5.0%,0.0083,0.0083,0.0008,Burner,NO,Mint,-0.0074,2022-02-11
NP,0.125,$388.97,0.007,$22.30,0.0034,$10.60,0.1354,0.1700,0.1504,2.5%,7.5%,0.0274,0.1524,0.153,Main,NO,Mint,0.0176,2022-02-15
YT,0.125,$388.97,0.007,$22.30,0,$0.00,0.132,0.1689,0.1467,2.5%,7.5%,0.0239,0.1489,0.152,Main,NO,Mint,0.0200,2022-02-15
WP,0.072,$118.94,0.0051,$8.48,0.0016,$2.63,0.0787,0.0000,0.09,2.5%,10.0%,0.0067,0.0787,0,Main,NO,Secondary,-0.0787,2022-02-16
WP,0.08,$132.29,0.0046,$7.65,0,$0.00,0.0846,0.0000,0.0967,2.5%,10.0%,0.0046,0.0846,0,Main,NO,Secondary,-0.0846,2022-02-16
MK,0,$0.00,0.009,$15.26,0.0025,$4.22,0.0115,,0.0132,2.5%,10.0%,0.0115,0.0115,0,Ledger,NO,Airdrop,-0.0115,2022-02-16
TW,0.18,$517.12,0.0099,$28.33,0.0053,$15.21,0.1952,0.3500,0.2168,2.5%,7.5%,0.0502,0.2302,0.315,Main,NO,Mint,0.1198,2022-02-17
TW,0.18,$517.12,0.0099,$28.33,0,$0.00,0.1899,0.3100,0.211,2.5%,7.5%,0.0409,0.2209,0.279,Main,NO,Mint,0.0891,2022-02-17
WP,0,$0.00,0.0051,$8.48,0,$0.00,0.0051,0.0870,0.0059,2.5%,10.0%,0.016,0.016,0.0761,Main,NO,Airdrop,0.0710,2022-02-17
AS,0.0525,$89.67,0.0084,$14.40,0.0034,$5.78,0.0643,0.0400,0.0646,0.0%,0.5%,0.012,0.0645,0.0398,Ledger,NO,Secondary,-0.0245,2022-02-17
AS,0.0525,$89.67,0.0084,$14.40,0,$0.00,0.0609,0.0390,0.0612,0.0%,0.5%,0.0086,0.0611,0.0388,Ledger,NO,Secondary,-0.0221,2022-02-17
WP,0,$1.17,0.0061,$10.42,0,$0.00,0.0061,0.0940,0.007,2.5%,10.0%,0.0179,0.0179,0.0823,Main,NO,Airdrop,0.0761,2022-02-18
MK,0,$0.00,0.0043,$7.30,0,$0.00,0.0043,,0.0049,2.5%,10.0%,0.0043,0.0043,0,Ledger,NO,Airdrop,-0.0043,2022-02-19
NP,0.125,$208.00,0.0045,$7.62,0.001,$1.68,0.1305,0.1540,0.1312,0.0%,0.5%,0.0063,0.1313,0.1532,Ledger,NO,Secondary,0.0227,2022-02-19
NP,1.5,"$3,866.51",0.0177,$45.71,0,$0.00,1.5177,,1.6408,2.5%,5.0%,0.0177,1.5177,0,Main,"Transfer Sent",Mint,-1.5177,2022-02-21
NP,0.11,$284.74,0.0212,$54.83,0.0092,$22.20,0.1404,0.0180,0.156,2.5%,7.5%,0.0322,0.1422,0.0162,Main,NO,Secondary,-0.1242,2022-02-21
WP,0.22,$360.33,0.0027,$4.39,0.0022,$3.56,0.2248,0.2970,0.2379,0.5%,5.0%,0.0212,0.2412,0.2807,Main,NO,Mint,0.0558,2022-02-21
WP,0.22,$360.33,0.0027,$4.39,0.0013,$2.05,0.224,0.3200,0.237,0.5%,5.0%,0.0216,0.2416,0.3024,Main,NO,Mint,0.0784,2022-02-21
NP,1.5,"$3,866.51",0.0177,$45.71,0,$0.00,1.5177,,1.6408,2.5%,5.0%,0.0177,1.5177,0,Ledger,"Transfer Received",Mint,-1.5177,2022-02-21
NP,0.07,$176.72,0.0042,$10.52,0.0038,$9.66,0.078,0.1485,0.0867,2.5%,7.5%,0.0229,0.0929,0.1337,Main,NO,Mint,0.0556,2022-02-22
NP,0.07,$176.72,0.0042,$10.52,0,$0.00,0.0742,0.1970,0.0824,2.5%,7.5%,0.0239,0.0939,0.1773,Main,NO,Mint,0.1031,2022-02-22
NP,0.07,$176.72,0.0042,$10.52,0,$0.00,0.0742,0.2710,0.0824,2.5%,7.5%,0.0313,0.1013,0.2439,Main,NO,Mint,0.1697,2022-02-22
MK,0,$0.00,0.0036,$5.89,0,$0.00,0.0036,,0.0041,2.5%,10.0%,0.0036,0.0036,0,Main,NO,Mint,-0.0036,2022-02-22
YT,0.18,$484.99,0.0083,$22.26,0.0026,$7.29,0.1909,,0.2182,2.5%,10.0%,0.0109,0.1909,0,Main,"Transfer Sent",Mint,-0.1909,2022-02-23
NP,0.0008,$1.25,0.0059,$9.49,0,$0.00,0.0067,,0.0068,2.5%,0.0%,0.0059,0.0067,0,Main,NO,Mint,-0.0067,2022-02-23
YT,0.18,$484.99,0.0083,$22.26,0.0026,$7.29,0.1909,,0.2182,2.5%,10.0%,0.0109,0.1909,0,Ledger,"Transfer Received",Mint,-0.1909,2022-02-23
NP,0.0008,$1.25,0.0064,$10.35,0,$0.00,0.0072,,0.0074,2.5%,0.0%,0.0064,0.0072,0,Ledger,NO,Mint,-0.0072,2022-02-23
AZ,0.007,$11.26,0.0006,$0.99,0.0014,$2.29,0.009,,0.0093,2.5%,0.0%,0.002,0.009,0,Main,NO,Mint,-0.0090,2022-02-24
AZ,0.007,$11.26,0.0006,$0.99,0,$0.00,0.0076,,0.0078,2.5%,0.0%,0.0006,0.0076,0,Main,NO,Mint,-0.0076,2022-02-24
AZ,0.007,$11.26,0.0006,$0.99,0,$0.00,0.0076,,0.0078,2.5%,0.0%,0.0006,0.0076,0,Main,NO,Mint,-0.0076,2022-02-24
AZ,0.007,$11.26,0.0006,$0.99,0,$0.00,0.0076,,0.0078,2.5%,0.0%,0.0006,0.0076,0,Main,NO,Mint,-0.0076,2022-02-24
AZ,0.007,$11.26,0.0006,$0.99,0,$0.00,0.0076,,0.0078,2.5%,0.0%,0.0006,0.0076,0,Main,NO,Mint,-0.0076,2022-02-24
AS,0.0207,$33.13,0.0036,$5.71,0.0011,$1.71,0.0253,0.0279,0.0254,0.0%,0.5%,0.0048,0.0254,0.0278,Main,NO,Secondary,0.0025,2022-02-26
AS,0.0207,$33.13,0.0036,$5.71,0,$0.00,0.0242,0.0294,0.0244,0.0%,0.5%,0.0037,0.0244,0.0293,Main,NO,Secondary,0.0050,2022-02-26
AS,0.0207,$33.13,0.0036,$5.71,0,$0.00,0.0242,0.0320,0.0244,0.0%,0.5%,0.0037,0.0244,0.0318,Main,NO,Secondary,0.0076,2022-02-26
AG,0.005,$8.18,0.0032,$5.17,0,$0.00,0.0082,,0.0093,2.5%,10.0%,0.0032,0.0082,0,Ledger,NO,Secondary,-0.0082,2022-02-26
TW,0.0059,$15.37,0.0083,$21.60,0.0058,$15.09,0.02,,0.0205,2.5%,0.0%,0.0141,0.02,0,Main,"Transfer Sent",Mint,-0.0200,2022-02-27
TW,0.0059,$15.37,0.0083,$21.60,0.0058,$15.09,0.02,,0.0205,2.5%,0.0%,0.0141,0.02,0,Ledger,"Transfer Received",Mint,-0.0200,2022-02-27
WP,0.2697,$438.86,0.0061,$9.87,0.0017,$2.84,0.2775,0.2986,0.2789,0.0%,0.5%,0.0093,0.279,0.2971,Ledger,NO,Mint,0.0196,2022-02-28
YT,0.07,$207.83,0.0036,$10.58,0.0029,$8.46,0.0765,0.1297,0.0827,2.5%,5.0%,0.0162,0.0862,0.12,Main,NO,Mint,0.0435,2022-03-01
YT,0.07,$207.83,0.0036,$10.58,0,$0.00,0.0736,0.1970,0.0796,2.5%,5.0%,0.0184,0.0884,0.1822,Main,NO,Mint,0.1086,2022-03-01
WP,0,$0.00,0.0036,$5.92,0,$0.00,0.0036,,0.0036,0.0%,0.0%,0.0036,0.0036,0,Main,NO,Mint,-0.0036,2022-03-02
NP,0.35,$949.79,0.0096,$25.99,0.0024,$6.62,0.362,0.6470,0.3914,2.5%,5.0%,0.0605,0.4105,0.5985,Main,NO,Mint,0.2365,2022-03-03
WP,0.0295,$46.28,0.0048,$7.53,0.0022,$3.51,0.0365,0.0390,0.0385,0.0%,5.0%,0.009,0.0385,0.0371,Main,NO,Secondary,0.0005,2022-03-03
YT,0.6,"$1,571.83",0.0159,$41.76,0.0022,$5.69,0.6181,,0.6611,2.5%,4.0%,0.0181,0.6181,0,Main,"Transfer Sent",Mint,-0.6181,2022-03-04
TW,0.088,$230.23,0.0032,$8.50,0.0028,$7.22,0.094,0.1980,0.1044,2.5%,7.5%,0.0258,0.1138,0.1782,Main,NO,Mint,0.0842,2022-03-04
TW,0.088,$230.23,0.0032,$8.50,0,$0.00,0.0912,0.1890,0.1013,2.5%,7.5%,0.0221,0.1101,0.1701,Main,NO,Mint,0.0789,2022-03-04
YT,0.6,"$1,571.83",0.0159,$41.76,0.0022,$5.69,0.6181,,0.6611,2.5%,4.0%,0.0181,0.6181,0,Ledger,"Transfer Received",Mint,-0.6181,2022-03-04
MK,0.0007,$1.08,0.0035,$5.46,0,$0.00,0.0042,,0.0051,2.5%,15.0%,0.0035,0.0042,0,Ledger,NO,Mint,-0.0042,2022-03-06
WP,0.0008,$1.22,0.0006,$0.99,0,$0.00,0.0014,,0.0014,0.0%,0.0%,0.0006,0.0014,0,Main,NO,Mint,-0.0014,2022-03-07
WP,0.0008,$1.22,0.0006,$0.99,0,$0.00,0.0014,,0.0014,0.0%,0.0%,0.0006,0.0014,0,Main,NO,Mint,-0.0014,2022-03-07
WP,0.0008,$1.22,0.0006,$0.99,0,$0.00,0.0014,,0.0014,0.0%,0.0%,0.0006,0.0014,0,Main,NO,Mint,-0.0014,2022-03-07
WP,0.0008,$1.22,0.0006,$0.99,0,$0.00,0.0014,,0.0014,0.0%,0.0%,0.0006,0.0014,0,Main,NO,Mint,-0.0014,2022-03-07
WP,0.0008,$1.22,0.0006,$0.99,0,$0.00,0.0014,,0.0014,0.0%,0.0%,0.0006,0.0014,0,Main,NO,Mint,-0.0014,2022-03-07
NP,0.087,$245.75,0.0073,$11.44,0,$0.00,0.0943,0.1290,0.1,0.0%,5.7%,0.0147,0.1017,0.1216,Main,NO,Mint,0.0273,2022-03-07
WP,0.0008,$1.22,0.0007,$1.04,0,$0.00,0.0014,,0.0015,2.5%,0.0%,0.0007,0.0014,0,Ledger,NO,Mint,-0.0014,2022-03-07
WP,0.0008,$1.22,0.0007,$1.04,0,$0.00,0.0014,,0.0015,2.5%,0.0%,0.0007,0.0014,0,Ledger,NO,Mint,-0.0014,2022-03-07
WP,0.0008,$1.22,0.0007,$1.04,0,$0.00,0.0014,,0.0015,2.5%,0.0%,0.0007,0.0014,0,Ledger,NO,Mint,-0.0014,2022-03-07
WP,0.0008,$1.22,0.0007,$1.04,0,$0.00,0.0014,,0.0015,2.5%,0.0%,0.0007,0.0014,0,Ledger,NO,Mint,-0.0014,2022-03-07
WP,0.0008,$1.22,0.0007,$1.04,0,$0.00,0.0014,,0.0015,2.5%,0.0%,0.0007,0.0014,0,Ledger,NO,Mint,-0.0014,2022-03-07
NP,0.0299,$45.60,0.008,$13.92,0.0017,$2.42,0.0396,0.0055,0.0417,0.0%,5.0%,0.01,0.0399,0.0052,Main,NO,Secondary,-0.0344,2022-03-08
NP,0.0299,$45.60,0.008,$13.92,0,$0.00,0.0379,0.0055,0.0399,0.0%,5.0%,0.0083,0.0382,0.0052,Main,NO,Secondary,-0.0327,2022-03-08
NP,0.1,$155.15,0.0085,$13.18,0.0027,$4.12,0.1112,0.1200,0.1117,0.0%,0.5%,0.0118,0.1118,0.1194,Ledger,NO,Secondary,0.0082,2022-03-08
NP,0.59,$917.13,0.0066,$10.32,0,$0.00,0.5966,0.6440,0.5996,0.0%,0.5%,0.0099,0.5999,0.6408,Ledger,NO,Secondary,0.0441,2022-03-08
NP,0.55,$825.81,0.0041,$6.42,0,$0.00,0.5541,0.1199,0.5569,0.0%,0.5%,0.0047,0.5547,0.1193,Ledger,NO,Secondary,-0.4348,2022-03-08
NP,0,$0.00,0,$0.00,0.0029,$8.09,0.0029,,0.0031,2.5%,5.0%,0.0029,0.0029,0,Ledger,"Transfer Received",Airdrop,-0.0029,2022-03-09
NP,0.745,"$1,936.81",0.013,$33.70,0.0291,$82.10,0.7871,0.9490,0.8329,2.5%,3.0%,0.0943,0.8393,0.8968,Ledger,NO,Secondary,0.1097,2022-03-09
MK,0,$0.00,0,$0.00,0,$0.00,0,,0,2.5%,5.0%,0,0,0,Ledger,NO,Airdrop,0.0000,2022-03-09
MK,0,$13.37,0.0009,$1.27,0,$0.00,0.0009,,0.001,2.5%,10.0%,0.0009,0.0009,0,Ledger,NO,Airdrop,-0.0009,2022-03-09
MK,0,$0.00,0,$0.00,0,$0.00,0,,0,2.5%,10.0%,0,0,0,Ledger,NO,Airdrop,0.0000,2022-03-09
MK,0,$0.00,0,$0.00,0,$0.00,0,,0,2.5%,10.0%,0,0,0,Ledger,NO,Airdrop,0.0000,2022-03-09
MK,0,$0.00,0,$0.00,0,$0.00,0,,0,2.5%,10.0%,0,0,0,Ledger,NO,Airdrop,0.0000,2022-03-09
MK,0,$0.00,0,$0.00,0,$0.00,0,,0,2.5%,10.0%,0,0,0,Ledger,NO,Airdrop,0.0000,2022-03-09
NP,0.15,$391.48,0.0018,$4.76,0.0023,$5.97,0.1541,0.2498,0.1761,2.5%,10.0%,0.0353,0.1853,0.2186,Main,NO,Mint,0.0645,2022-03-10
NP,0.15,$391.48,0.0018,$4.76,0,$0.00,0.1518,0.2340,0.1735,2.5%,10.0%,0.0311,0.1811,0.2048,Main,NO,Mint,0.0529,2022-03-10
AS,0.4,$22.54,0.0082,$9.56,0.0025,$2.83,0.4107,4.0000,0.4563,2.5%,7.5%,0.4107,0.8107,3.6,Main,NO,Mint,3.1893,2022-03-10
WP,0.0129,$35.20,0.008,$11.29,0.002,$2.81,0.0229,0.0060,0.023,0.0%,0.5%,0.01,0.0229,0.006,Ledger,NO,Secondary,-0.0169,2022-03-10
WP,0.025,$53.48,0.0066,$9.43,0,$0.00,0.0316,0.0049,0.0318,0.0%,0.5%,0.0066,0.0316,0.0049,Ledger,NO,Secondary,-0.0267,2022-03-10
WP,0.025,$53.48,0.0066,$9.43,0,$0.00,0.0316,0.0020,0.0318,0.0%,0.5%,0.0066,0.0316,0.002,Ledger,NO,Secondary,-0.0296,2022-03-10
NP,0.15,$379.30,0.0042,$10.60,0.0033,$8.30,0.1575,0.4469,0.1759,2.5%,8.0%,0.0544,0.2044,0.4,Main,NO,Mint,0.2425,2022-03-14
NP,1,"$2,662.03",0.0036,$9.47,0.0021,$5.61,1.0057,1.1490,1.0872,2.5%,5.0%,0.0919,1.0919,1.0628,Main,NO,Mint,0.0571,2022-03-16
NP,0.088,$0.00,0.0021,$5.88,0.0021,$5.79,0.0922,0.1210,0.1024,2.5%,7.5%,0.0163,0.1043,0.1089,Main,NO,Mint,0.0167,2022-03-16
NP,0.088,$0.00,0.0021,$5.88,0,$0.00,0.0901,0.1279,0.1001,2.5%,7.5%,0.0149,0.1029,0.1151,Main,NO,Mint,0.0250,2022-03-16
NP,0.088,$0.00,0.0021,$5.88,0,$0.00,0.0901,0.1276,0.1001,2.5%,7.5%,0.0149,0.1029,0.1148,Main,NO,Mint,0.0247,2022-03-16
NP,1,"$2,642.73",0.0039,$10.19,0,$0.00,1.0039,1.4820,1.0852,2.5%,5.0%,0.115,1.115,1.3709,Ledger,NO,Mint,0.3670,2022-03-16
NP,0.06,$105.36,0.0033,$5.77,0.0016,$2.85,0.0649,0.2449,0.0702,0.0%,7.5%,0.0233,0.0833,0.2265,Ledger,NO,Mint,0.1616,2022-03-22
LV,0.2,$631.18,0.01,$31.71,0,$0.00,0.21,0.5850,0.2334,2.5%,7.5%,0.0685,0.2685,0.5265,Main,NO,Mint,0.3165,2022-03-25
LV,0.329,"$1,021.82",0.0097,$30.21,0.0013,$4.04,0.34,0.4590,0.3778,2.5%,7.5%,0.0569,0.3859,0.4131,Main,NO,Secondary,0.0731,2022-03-25
LV,0.499,"$1,552.51",0.0109,$33.88,0,$0.00,0.5099,,0.5665,2.5%,7.5%,0.0109,0.5099,0,Main,NO,Secondary,-0.5099,2022-03-25
MK,0,$1.21,0.0036,$6.29,0,$0.00,0.0036,,0.0037,0.0%,4.2%,0.0036,0.0036,0,Ledger,NO,Airdrop,-0.0036,2022-03-25
NP,0,$0.00,0.0028,$5.09,0.0014,$2.50,0.0042,0.0100,0.0045,0.0%,6.0%,0.0048,0.0048,0.0094,Main,NO,Mint,0.0052,2022-03-30
NP,0,$0.00,0,$0.00,0.0017,$3.79,0.0017,0.0860,0.0018,0.0%,0.5%,0.0022,0.0022,0.0856,Ledger,NO,Airdrop,0.0838,2022-03-31
NP,0,$0.00,0,$0.00,0,$0.00,0,0.4790,0,0.0%,0.5%,0.0024,0.0024,0.4766,Ledger,NO,Airdrop,0.4766,2022-03-31
NP,0,$0.00,0,$0.00,0.001,$1.76,0.001,0.0120,0.001,0.0%,0.5%,0.001,0.001,0.0119,Main,NO,Airdrop,0.0110,2022-04-02
NP,0.0007,$1.26,0.004,$7.19,0.0014,$2.59,0.0061,,0.0064,0.0%,5.0%,0.0054,0.0061,0,Main,NO,Mint,-0.0061,2022-04-03
NP,0.12,$224.42,0.0183,$34.14,0,$0.00,0.1383,0.2170,0.1495,0.0%,7.5%,0.0345,0.1545,0.2007,Ledger,NO,Mint,0.0625,2022-04-04
WP,0.075,$140.23,0.0138,$25.72,0.0042,$7.86,0.093,,0.093,0.0%,0.0%,0.018,0.093,0,Ledger,NO,Secondary,-0.0930,2022-04-04
LV,0.15,$478.90,0.0116,$37.02,0.0081,$25.92,0.1697,0.4970,0.1876,2.5%,7.0%,0.067,0.217,0.4498,Main,NO,Mint,0.2800,2022-04-07
LV,0.15,$478.90,0.0116,$37.02,0,$0.00,0.1616,0.5680,0.1786,2.5%,7.0%,0.0656,0.2156,0.514,Main,NO,Mint,0.3524,2022-04-07
NP,0.0007,$1.28,0.0037,$6.82,0,$0.00,0.0044,,0.0051,2.5%,12.5%,0.0037,0.0044,0,Main,NO,Mint,-0.0044,2022-04-07
NP,0.1,$301.03,0.008,$24.23,0.0075,$14.50,0.1156,,0.1321,2.5%,10.0%,0.0156,0.1156,0,Main,"Transfer Sent",Secondary,-0.1156,2022-04-09
NP,0.1,$301.03,0.008,$24.23,0.0075,$14.50,0.1156,,0.1321,2.5%,10.0%,0.0156,0.1156,0,Ledger,"Transfer Received",Secondary,-0.1156,2022-04-09
NP,0.33,$22.54,0.0078,$8.99,0,$0.00,0.3378,3.5000,0.3728,2.5%,6.9%,0.3368,0.6668,3.171,Main,NO,Mint,2.8332,2022-04-10
NP,0.0375,$113.46,0.0104,$31.49,0.0023,$6.91,0.0502,0.0790,0.0515,2.5%,0.0%,0.0147,0.0522,0.077,Main,NO,Mint,0.0268,2022-04-11
NP,0.0375,$113.46,0.0104,$31.49,0.0028,$8.45,0.0507,0.0550,0.052,2.5%,0.0%,0.0146,0.0521,0.0536,Main,NO,Mint,0.0029,2022-04-11
NP,0,$0.00,0.0016,$3.08,0,$0.00,0.0016,,0.0016,0.0%,0.0%,0.0016,0.0016,0,Main,NO,Mint,-0.0016,2022-04-12
AS,0.0105,$20.18,0.0047,$9.06,0.0013,$2.52,0.0165,0.0007,0.0176,0.0%,6.3%,0.0061,0.0166,0.0007,Main,NO,Secondary,-0.0159,2022-04-12
AS,0.0105,$20.18,0.0047,$9.06,0,$0.00,0.0152,0.0007,0.0162,0.0%,6.3%,0.0048,0.0153,0.0007,Main,NO,Secondary,-0.0146,2022-04-12
AS,0.0105,$20.18,0.0047,$9.06,0,$0.00,0.0152,0.0014,0.0162,0.0%,6.3%,0.0048,0.0153,0.0013,Main,NO,Secondary,-0.0139,2022-04-12
AS,0.0105,$20.18,0.0047,$9.06,0,$0.00,0.0152,0.0007,0.0162,0.0%,6.3%,0.0048,0.0153,0.0007,Main,NO,Secondary,-0.0146,2022-04-12
NP,0.25,$753.83,0.0124,$37.52,0.0034,$10.36,0.2659,0.3600,0.2938,2.5%,7.0%,0.0501,0.3001,0.3258,Main,NO,Mint,0.0599,2022-04-14
NP,0.158,$329.64,0.007,$14.55,0.0017,$3.57,0.1667,,0.1786,2.5%,4.2%,0.0087,0.1667,0,Ledger,NO,Secondary,-0.1667,2022-04-14
NP,0.108,$232.66,0.0059,$12.34,0,$0.00,0.1139,,0.1221,2.5%,4.2%,0.0059,0.1139,0,Ledger,NO,Secondary,-0.1139,2022-04-14
NP,0.1269,$264.94,0.0034,$7.14,0,$0.00,0.1303,,0.1397,2.5%,4.2%,0.0034,0.1303,0,Ledger,NO,Secondary,-0.1303,2022-04-14
NP,0.097,$202.95,0.0038,$7.98,0,$0.00,0.1008,,0.108,2.5%,4.2%,0.0038,0.1008,0,Ledger,NO,Secondary,-0.1008,2022-04-14
NP,0.097,$202.95,0.0038,$7.98,0,$0.00,0.1008,,0.108,2.5%,4.2%,0.0038,0.1008,0,Ledger,NO,Secondary,-0.1008,2022-04-14
MK,0,$0.00,0.0044,$9.19,0.0018,$3.78,0.0062,,0.0071,2.5%,10.0%,0.0062,0.0062,0,Main,NO,Mint,-0.0062,2022-04-15
WP,0.034,$71.44,0.005,$10.51,0.0014,$2.92,0.0404,0.0262,0.0404,0.0%,0.0%,0.0064,0.0404,0.0262,Ledger,NO,Secondary,-0.0142,2022-04-15
NP,0.12,$368.52,0.0088,$26.94,0.0014,$4.26,0.1302,0.1469,0.137,2.5%,2.5%,0.0175,0.1375,0.1396,Main,NO,Secondary,0.0094,2022-04-17
MK,0.0005,$1.04,0.0057,$11.90,0,$0.00,0.0062,,0.0064,2.5%,0.0%,0.0057,0.0062,0,Ledger,NO,Mint,-0.0062,2022-04-17
NP,0.0927,$289.19,0.0052,$16.17,0.0021,$6.67,0.1,0.1249,0.1082,2.5%,5.0%,0.0167,0.1094,0.1155,Main,NO,Mint,0.0155,2022-04-19
NP,0.269,$797.06,0.0116,$34.27,0.0036,$8.06,0.2842,0.0070,0.3248,2.5%,10.0%,0.0161,0.2851,0.0061,Main,NO,Secondary,-0.2781,2022-04-22
NP,0.259,$767.43,0.0099,$29.42,0,$0.00,0.2689,0.0070,0.3073,2.5%,10.0%,0.0108,0.2698,0.0061,Main,NO,Secondary,-0.2628,2022-04-22
NP,2.1,"$7,128.38",0.0077,$22.78,0.0053,$15.84,2.113,4.6900,2.2843,2.5%,5.0%,0.3648,2.4648,4.3383,Ledger,NO,Secondary,2.2252,2022-04-22
AS,0.039,$70.74,0.0042,$7.56,0.0033,$6.04,0.0465,0.0550,0.0465,0.0%,0.0%,0.0075,0.0465,0.055,Main,NO,Mint,0.0085,2022-04-25
AS,0.039,$70.74,0.0042,$7.56,0,$0.00,0.0432,,0.0443,2.5%,0.0%,0.0042,0.0432,0,Main,NO,Mint,-0.0432,2022-04-25
NP,0.2,$576.78,0.0054,$15.53,0,$0.00,0.2054,0.0670,0.222,2.5%,5.0%,0.0104,0.2104,0.062,Main,NO,Mint,-0.1434,2022-04-27
MK,0,$0.00,0.0061,$11.63,0,$0.00,0.0061,,0.0063,2.5%,0.0%,0.0061,0.0061,0,Main,NO,Mint,-0.0061,2022-04-27
NP,2.9349,"$8,298.48",1.0946,"$3,040.37",0.0111,$30.81,4.0406,7.8800,4.3682,2.5%,5.0%,1.6967,4.6316,7.289,Ledger,NO,Mint,3.2484,2022-05-01
NP,2.9349,"$8,298.48",1.0946,"$3,040.37",0.0014,$1.67,4.031,1.5400,4.1556,2.5%,0.5%,1.1423,4.0772,1.4938,Ledger,NO,Mint,-2.5372,2022-05-01
LV,0.25,$22.54,0.0078,$8.99,0,$0.00,0.2578,2.9000,0.2845,2.5%,6.9%,0.2804,0.5304,2.6274,Main,NO,Mint,2.3696,2022-05-10
NP,0.018,$36.52,0.0051,$10.33,0.0008,$1.54,0.0239,0.0470,0.0273,2.5%,10.0%,0.0117,0.0297,0.0411,Main,NO,Secondary,0.0173,2022-05-16
NP,0,$0.00,0.0022,$4.70,0.0014,$2.89,0.0036,0.0092,0.0041,2.5%,10.0%,0.0048,0.0048,0.0081,Main,NO,Mint,0.0044,2022-05-17
NP,0,$0.00,0.0056,$10.99,0.0018,$3.44,0.0074,0.0146,0.0084,2.5%,10.0%,0.0092,0.0092,0.0128,Ledger,NO,Mint,0.0054,2022-05-18
NP,0.007,$13.73,0.0058,$11.36,0,$0.00,0.0128,,0.0146,2.5%,10.0%,0.0058,0.0128,0,Main,NO,Secondary,-0.0128,2022-05-20
NP,0.058,$112.87,0.0168,$32.72,0.0009,$1.83,0.0757,0.2200,0.0841,2.5%,7.5%,0.0397,0.0977,0.198,Ledger,NO,Mint,0.1223,2022-05-20
NP,0,$0.00,0.0071,$13.83,0.003,$5.83,0.01,0.1360,0.0112,2.5%,7.5%,0.0236,0.0236,0.1224,Main,NO,Mint,0.1124,2022-05-21
NP,0.0199,$39.92,0.0033,$6.58,0,$0.00,0.0232,0.0294,0.0238,2.5%,0.0%,0.004,0.0239,0.0287,Main,NO,Secondary,0.0055,2022-05-22
NP,0.002,$4.09,0.0045,$9.26,0.0013,$2.55,0.0078,0.0197,0.0081,2.5%,2.0%,0.0067,0.0087,0.0188,Main,NO,Secondary,0.0110,2022-05-22
NP,0.004,$8.15,0.0069,$14.07,0,$0.00,0.0109,0.0135,0.0114,2.5%,2.0%,0.0075,0.0115,0.0129,Main,NO,Secondary,0.0020,2022-05-22
NP,0.002,$10.11,0.0051,$10.11,0.0008,$1.57,0.0079,,0.0081,2.5%,0.0%,0.0059,0.0079,0,Main,NO,Secondary,-0.0079,2022-05-24
NP,0.215,$417.17,0.0049,$9.46,0.0019,$3.68,0.2218,0.2997,0.2334,2.5%,2.5%,0.0218,0.2368,0.2847,Main,NO,Secondary,0.0629,2022-05-25
NP,0.029,$20.24,0.0215,$33.31,0.0039,$6.82,0.0545,,0.0589,2.5%,5.0%,0.0255,0.0545,0,Main,NO,Secondary,-0.0545,2022-05-27
NP,0.009,$15.69,0.0101,$17.52,0,$0.00,0.0191,,0.0206,2.5%,5.0%,0.0101,0.0191,0,Main,NO,Secondary,-0.0191,2022-05-27
NP,0,$0.00,0.0006,$0.97,0.002,$3.42,0.0025,,0.0029,2.5%,10.0%,0.0025,0.0025,0,Main,NO,Mint,-0.0025,2022-05-27
NP,0,$0.00,0.0006,$0.97,0,$0.00,0.0006,,0.0006,2.5%,10.0%,0.0006,0.0006,0,Main,NO,Mint,-0.0006,2022-05-27
NP,0,$0.00,0.0006,$0.97,0,$0.00,0.0006,,0.0006,2.5%,10.0%,0.0006,0.0006,0,Main,NO,Mint,-0.0006,2022-05-27
NP,0,$0.00,0.0006,$0.97,0,$0.00,0.0006,,0.0006,2.5%,10.0%,0.0006,0.0006,0,Main,NO,Mint,-0.0006,2022-05-27
NP,0,$0.00,0.0006,$0.97,0,$0.00,0.0006,,0.0006,2.5%,10.0%,0.0006,0.0006,0,Main,NO,Mint,-0.0006,2022-05-27
NP,0,$0.00,0.0006,$0.97,0,$0.00,0.0006,,0.0006,2.5%,10.0%,0.0006,0.0006,0,Main,NO,Mint,-0.0006,2022-05-27
NP,0,$0.00,0.0006,$0.97,0,$0.00,0.0006,,0.0006,2.5%,10.0%,0.0006,0.0006,0,Main,NO,Mint,-0.0006,2022-05-27
NP,0,$0.00,0.0006,$0.97,0,$0.00,0.0006,,0.0006,2.5%,10.0%,0.0006,0.0006,0,Main,NO,Mint,-0.0006,2022-05-27
NP,0,$0.00,0.0006,$0.97,0,$0.00,0.0006,,0.0006,2.5%,10.0%,0.0006,0.0006,0,Main,NO,Mint,-0.0006,2022-05-27
NP,0,$0.00,0.0006,$0.97,0,$0.00,0.0006,,0.0006,2.5%,10.0%,0.0006,0.0006,0,Main,NO,Mint,-0.0006,2022-05-27
NP,0,$0.00,0.0021,$3.72,0.0007,$1.21,0.0028,0.0200,0.0031,2.5%,7.5%,0.0048,0.0048,0.018,Main,NO,Mint,0.0152,2022-05-28
NP,0.01,$17.89,0.0033,$5.97,0,$0.00,0.0133,0.0590,0.0148,2.5%,7.5%,0.0092,0.0192,0.0531,Main,NO,Mint,0.0398,2022-05-28
NP,0,$0.00,0.0031,$5.56,0,$0.00,0.0031,,0.0035,2.5%,10.0%,0.0031,0.0031,0,Main,NO,Mint,-0.0031,2022-05-29
NP,0.005,$8.99,0.0019,$3.36,0.002,$3.51,0.0088,0.0190,0.0095,2.5%,5.0%,0.0052,0.0102,0.0176,Main,NO,Mint,0.0088,2022-05-29
NP,0.005,$8.99,0.0019,$3.36,0,$0.00,0.0069,0.0180,0.0074,2.5%,5.0%,0.0032,0.0082,0.0166,Main,NO,Mint,0.0098,2022-05-29
NP,0.021,$37.82,0.0071,$12.73,0,$0.00,0.0281,0.0064,0.0303,2.5%,5.0%,0.0075,0.0285,0.0059,Main,NO,Secondary,-0.0221,2022-05-29
NP,0.0086,$15.66,0.0082,$14.91,0.0012,$2.17,0.018,,0.0198,2.5%,6.5%,0.0094,0.018,0,Main,NO,Secondary,-0.0180,2022-05-29
NP,0.009,$16.83,0.0094,$17.21,0,$0.00,0.0184,0.0190,0.0203,2.5%,6.5%,0.0112,0.0201,0.0173,Main,NO,Secondary,-0.0011,2022-05-29
NP,0.0263,$48.97,0.0055,$10.29,0,$0.00,0.0318,0.0370,0.0364,2.5%,10.0%,0.0102,0.0365,0.0324,Main,NO,Secondary,0.0005,2022-05-29
NP,0.0568,$112.10,0.0051,$10.14,0.0014,$2.71,0.0633,0.1190,0.0684,2.5%,5.0%,0.0154,0.0722,0.1101,Main,NO,Secondary,0.0468,2022-05-30
NP,0.12,$236.83,0.0096,$18.95,0,$0.00,0.1296,0.1490,0.1401,2.5%,5.0%,0.0208,0.1408,0.1378,Main,NO,Secondary,0.0082,2022-05-30
NP,0.01,$19.83,0.0142,$28.09,0.0024,$4.77,0.0266,0.1000,0.0295,2.5%,7.5%,0.0266,0.0366,0.09,Main,NO,Secondary,0.0634,2022-05-31
NP,0.008,$15.87,0.0188,$37.22,0,$0.00,0.0268,0.0570,0.0297,2.5%,7.5%,0.0245,0.0325,0.0513,Main,NO,Secondary,0.0245,2022-05-31
NP,0,$0.00,0.0036,$7.08,0.0016,$3.16,0.0052,,0.0058,2.5%,7.5%,0.0052,0.0052,0,Main,NO,Mint,-0.0052,2022-06-01
NP,0.118,$224.23,0.0143,$27.10,0,$0.00,0.1323,0.1759,0.147,2.5%,7.5%,0.0319,0.1499,0.1583,Main,NO,Secondary,0.0260,2022-06-01
NP,0.0289,$53.35,0.0124,$22.87,0.0027,$5.06,0.044,0.0489,0.0476,2.5%,5.0%,0.0188,0.0477,0.0452,Main,NO,Secondary,0.0012,2022-06-01
NP,0.02,$36.69,0.013,$23.89,0,$0.00,0.033,0.0944,0.0357,2.5%,5.0%,0.0201,0.0401,0.0873,Main,NO,Secondary,0.0543,2022-06-01
NP,0.01,$18.11,0.0147,$26.55,0.0023,$4.15,0.0269,0.0080,0.0299,2.5%,7.5%,0.0177,0.0277,0.0072,Main,NO,Secondary,-0.0197,2022-06-01
NP,0.01,$18.11,0.0178,$32.76,0,$0.00,0.0278,0.0100,0.0309,2.5%,7.5%,0.0188,0.0288,0.009,Main,NO,Secondary,-0.0188,2022-06-01
NP,0.0005,$9.17,0.0008,$1.53,0.0018,$3.26,0.0031,0.0090,0.0034,2.5%,5.0%,0.0033,0.0038,0.0083,Main,NO,Mint,0.0052,2022-06-01
NP,0.0005,$9.17,0.0008,$1.53,0,$0.00,0.0013,0.0324,0.0014,2.5%,5.0%,0.0032,0.0037,0.03,Main,NO,Mint,0.0287,2022-06-01
NP,0.0005,$9.17,0.0008,$1.53,0,$0.00,0.0013,0.0019,0.0014,2.5%,5.0%,0.0009,0.0014,0.0018,Main,NO,Mint,0.0005,2022-06-01
NP,0.0005,$9.17,0.0008,$1.53,0,$0.00,0.0013,0.0034,0.0014,2.5%,5.0%,0.0011,0.0016,0.0031,Main,NO,Mint,0.0018,2022-06-01
NP,0.0005,$9.17,0.0008,$1.53,0,$0.00,0.0013,0.0029,0.0014,2.5%,5.0%,0.001,0.0015,0.0027,Main,NO,Mint,0.0014,2022-06-01
NP,0,$0.00,0.0019,$3.45,0.0035,$6.16,0.0054,,0.0058,2.5%,5.0%,0.0054,0.0054,0,Main,NO,Mint,-0.0054,2022-06-03
NP,0,$0.00,0.0019,$3.45,0,$0.00,0.0019,,0.0021,2.5%,5.0%,0.0019,0.0019,0,Main,NO,Mint,-0.0019,2022-06-03
NP,0.0825,$145.35,0.0085,$14.94,0.0027,$4.31,0.0937,0.0390,0.1041,2.5%,7.5%,0.0151,0.0976,0.0351,Main,NO,Secondary,-0.0586,2022-06-03
NP,0,$0.00,0.0011,$1.91,0.0014,$2.40,0.0025,0.0030,0.0027,2.5%,6.9%,0.0027,0.0027,0.0027,Main,NO,Mint,0.0003,2022-06-03
NP,0,$0.00,0.0011,$1.91,0,$0.00,0.0011,,0.0012,2.5%,6.9%,0.0011,0.0011,0,Main,NO,Mint,-0.0011,2022-06-03
NP,0,$0.00,0.0011,$1.91,0,$0.00,0.0011,,0.0012,2.5%,6.9%,0.0011,0.0011,0,Main,NO,Mint,-0.0011,2022-06-03
NP,0,$0.00,0.0011,$1.91,0,$0.00,0.0011,,0.0012,2.5%,6.9%,0.0011,0.0011,0,Main,NO,Mint,-0.0011,2022-06-03
NP,0,$0.00,0.0011,$1.91,0,$0.00,0.0011,,0.0012,2.5%,6.9%,0.0011,0.0011,0,Main,NO,Mint,-0.0011,2022-06-03
NP,1.09,"$1,904.07",0.0132,$23.14,0.0028,$4.94,1.1061,,1.1957,2.5%,5.0%,0.0161,1.1061,0,Ledger,NO,Secondary,-1.1061,2022-06-03
NP,0.0777,$138.20,0.0034,$6.13,0.0037,$6.61,0.0848,0.1280,0.0922,2.5%,5.6%,0.0174,0.0951,0.1177,Main,NO,Mint,0.0329,2022-06-04
NP,0.0777,$138.20,0.0034,$6.13,0,$0.00,0.0811,0.1920,0.0882,2.5%,5.6%,0.0189,0.0966,0.1765,Main,NO,Mint,0.0954,2022-06-04
NP,0,$0.00,0.0013,$2.33,0.0018,$3.25,0.0031,,0.0034,2.5%,5.0%,0.0031,0.0031,0,Main,NO,Mint,-0.0031,2022-06-04
NP,0,$0.00,0.0013,$2.33,0,$0.00,0.0013,,0.0014,2.5%,5.0%,0.0013,0.0013,0,Main,NO,Mint,-0.0013,2022-06-04
NP,0,$0.00,0.0013,$2.33,0,$0.00,0.0013,,0.0014,2.5%,5.0%,0.0013,0.0013,0,Main,NO,Mint,-0.0013,2022-06-04
NP,0,$0.00,0.0013,$2.33,0,$0.00,0.0013,,0.0014,2.5%,5.0%,0.0013,0.0013,0,Main,NO,Mint,-0.0013,2022-06-04
NP,0,$0.00,0.0013,$2.33,0,$0.00,0.0013,,0.0014,2.5%,5.0%,0.0013,0.0013,0,Main,NO,Mint,-0.0013,2022-06-04
NP,0.2,$382.34,0.0083,$15.85,0.0025,$4.77,0.2108,0.3190,0.2342,2.5%,7.5%,0.0427,0.2427,0.2871,Main,NO,Mint,0.0763,2022-06-06
NP,0.015,$26.79,0.0183,$32.62,0.0037,$6.65,0.037,0.0600,0.0411,2.5%,7.5%,0.028,0.043,0.054,Main,NO,Secondary,0.0170,2022-06-07
NP,0.05,$90.67,0.0137,$24.88,0,$0.00,0.0637,0.0949,0.0708,2.5%,7.5%,0.0232,0.0732,0.0854,Main,NO,Secondary,0.0217,2022-06-07
NP,0.169,$311.59,0.0126,$23.21,0,$0.00,0.1816,0.0450,0.2018,2.5%,7.5%,0.0171,0.1861,0.0405,Main,NO,Secondary,-0.1411,2022-06-07
NP,0,$0.00,0.009,$16.56,0,$0.00,0.009,,0.01,2.5%,7.5%,0.009,0.009,0,Main,NO,Mint,-0.0090,2022-06-07
NP,0,$0.00,0.0034,$6.09,0.0024,$4.32,0.0058,0.0100,0.0066,2.5%,10.0%,0.007,0.007,0.0088,Main,NO,Mint,0.0030,2022-06-07
NP,0,$0.00,0.0034,$6.09,0,$0.00,0.0034,0.0079,0.0039,2.5%,10.0%,0.0044,0.0044,0.0069,Main,NO,Mint,0.0035,2022-06-07
NP,0,$0.00,0.0035,$6.29,0.0239,$43.33,0.0274,0.0130,0.0313,2.5%,10.0%,0.029,0.029,0.0114,Burner,NO,Mint,-0.0160,2022-06-07
NP,0,$0.00,0.0035,$6.29,0,$0.00,0.0035,0.0150,0.004,2.5%,10.0%,0.0054,0.0054,0.0131,Burner,NO,Mint,0.0096,2022-06-07
NP,0,$0.00,0.0093,$17.13,0,$0.00,0.0093,0.0000,0.0103,2.5%,7.5%,0.0093,0.0093,0,Burner,NO,Mint,-0.0093,2022-06-07
NP,0.2,$364.31,0.0341,$62.12,0.0044,$7.87,0.2385,0.3600,0.2691,2.5%,8.9%,0.0794,0.2794,0.319,Main,NO,Secondary,0.0806,2022-06-08
NP,0,$0.00,0.0112,$20.14,0,$0.00,0.0112,0.1494,0.0128,2.5%,10.0%,0.0299,0.0299,0.1307,Main,NO,Mint,0.1195,2022-06-08
NP,0.0163,$29.38,0.015,$27.07,0.003,$5.44,0.0343,0.1110,0.0383,2.5%,7.8%,0.0294,0.0457,0.0996,Main,NO,Mint,0.0653,2022-06-08
NP,0.0163,$29.38,0.015,$27.07,0,$0.00,0.0313,0.0839,0.0349,2.5%,7.8%,0.0236,0.0399,0.0753,Main,NO,Mint,0.0440,2022-06-08
NP,0.0163,$29.38,0.015,$27.07,0,$0.00,0.0313,0.0579,0.0349,2.5%,7.8%,0.0209,0.0372,0.052,Main,NO,Mint,0.0207,2022-06-08
NP,0.033,$58.95,0.0146,$26.11,0.0031,$5.50,0.0507,0.0599,0.0563,2.5%,7.5%,0.0237,0.0567,0.0539,Main,NO,Secondary,0.0032,2022-06-08
NP,0,$0.00,0.0052,$9.24,0.0139,$24.81,0.019,,0.0195,2.5%,0.0%,0.019,0.019,0,Main,NO,Mint,-0.0190,2022-06-09
NP,0,$0.00,0.0055,$9.81,0.0032,$5.68,0.0087,0.0370,0.01,2.5%,10.0%,0.0134,0.0134,0.0324,Main,NO,Mint,0.0236,2022-06-09
NP,0,$0.00,0.0052,$9.24,0.0052,$9.22,0.0103,0.0000,0.0106,2.5%,0.0%,0.0103,0.0103,0,Burner,NO,Mint,-0.0103,2022-06-09
NP,0.032,$55.78,0.013,$22.55,0.0019,$3.35,0.0469,0.0000,0.0481,2.5%,0.0%,0.0149,0.0469,0,Main,NO,Secondary,-0.0469,2022-06-10
NP,0.016,$26.82,0.0013,$2.19,0.0029,$4.88,0.0202,0.0210,0.0207,2.5%,0.0%,0.0047,0.0207,0.0205,Main,NO,Mint,0.0003,2022-06-10
NP,0.016,$26.82,0.0013,$2.19,0,$0.00,0.0173,0.0254,0.0192,2.5%,7.5%,0.0038,0.0198,0.0229,Main,NO,Mint,0.0056,2022-06-10
NP,0.016,$26.82,0.0013,$2.19,0,$0.00,0.0173,0.0234,0.0177,2.5%,0.0%,0.0019,0.0179,0.0228,Main,NO,Mint,0.0055,2022-06-10
NP,0.016,$26.82,0.0013,$2.19,0,$0.00,0.0173,,0.0192,2.5%,7.5%,0.0013,0.0173,0,Main,NO,Mint,-0.0173,2022-06-10
NP,0.016,$26.82,0.0013,$2.19,0,$0.00,0.0173,0.0299,0.0177,2.5%,0.0%,0.002,0.018,0.0292,Main,NO,Mint,0.0119,2022-06-10
NP,0.6,$22.54,0.0075,$7.73,0.0073,$7.49,0.6148,2.8000,0.6831,2.5%,7.5%,0.2948,0.8948,2.52,Main,NO,Mint,1.9052,2022-06-10
NP,0.08,$89.10,0.0364,$40.52,0.0037,$4.15,0.1201,0.1390,0.1285,2.5%,4.0%,0.0491,0.1291,0.13,Ledger,NO,Mint,0.0099,2022-06-15
LV,0.1834,$197.11,0.0013,$1.35,0,$0.00,0.1847,0.2420,0.1997,2.5%,5.0%,0.0194,0.2028,0.2239,Main,NO,Mint,0.0392,2022-06-16
NP,0,$0.00,0.0044,$4.75,0.003,$3.25,0.0074,0.0099,0.0082,2.5%,7.5%,0.0084,0.0084,0.0089,Burner,NO,Mint,0.0015,2022-06-17
NP,0,$0.00,0.0044,$4.75,0,$0.00,0.0044,0.0110,0.0049,2.5%,7.5%,0.0055,0.0055,0.0099,Burner,NO,Mint,0.0055,2022-06-17
WT,0.03,$34.04,0.0011,$1.24,0.002,$2.23,0.0331,0.0980,0.0378,2.5%,10.0%,0.0153,0.0453,0.0858,Main,NO,Mint,0.0527,2022-06-19
WT,0.03,$34.04,0.0011,$1.24,0,$0.00,0.0311,0.0964,0.0355,2.5%,10.0%,0.0131,0.0431,0.0844,Main,NO,Mint,0.0533,2022-06-19
WT,0.03,$34.04,0.0011,$1.24,0,$0.00,0.0311,0.0390,0.0355,2.5%,10.0%,0.006,0.036,0.0341,Main,NO,Mint,0.0030,2022-06-19
WT,0.03,$34.04,0.0011,$1.24,0,$0.00,0.0311,0.0690,0.0355,2.5%,10.0%,0.0097,0.0397,0.0604,Main,NO,Mint,0.0293,2022-06-19
WT,0.03,$34.04,0.0011,$1.24,0,$0.00,0.0311,0.0369,0.0355,2.5%,10.0%,0.0057,0.0357,0.0323,Main,NO,Mint,0.0012,2022-06-19
NP,0,$0.00,0.0032,$3.52,0.0013,$1.39,0.0044,0.0096,0.0049,2.5%,7.5%,0.0054,0.0054,0.0086,Main,NO,Mint,0.0042,2022-06-20
NP,0.15,$158.79,0.0017,$1.79,0.0014,$1.45,0.1531,0.4200,0.157,2.5%,0.0%,0.0136,0.1636,0.4095,Main,NO,Mint,0.2564,2022-06-20
NP,0,$0.00,0.0047,$5.40,0.0013,$1.40,0.006,0.0100,0.0067,2.5%,7.5%,0.007,0.007,0.009,Burner,NO,Mint,0.0030,2022-06-20
NP,0,$0.00,0.0073,$8.06,0.0017,$1.87,0.009,0.0220,0.01,2.5%,7.5%,0.0112,0.0112,0.0198,Burner,NO,Mint,0.0108,2022-06-20
FP,0,$0.00,0.0015,$1.73,0.002,$2.27,0.0035,0.0094,0.004,2.5%,10.0%,0.0047,0.0047,0.0082,Burner,NO,Mint,0.0047,2022-06-23
FP,0,$0.00,0.0015,$1.73,0,$0.00,0.0015,0.0034,0.0017,2.5%,10.0%,0.0019,0.0019,0.003,Burner,NO,Mint,0.0015,2022-06-23
NP,0,$0.00,0.0029,$3.55,0.0017,$2.12,0.0046,0.0144,0.0051,2.5%,7.5%,0.006,0.006,0.013,Burner,NO,Mint,0.0084,2022-06-24
LV,0.34,$413.72,0.0092,$11.14,0.0025,$3.09,0.3517,,0.3908,2.5%,7.5%,0.0117,0.3517,0,Main,"Transfer Sent",Secondary,-0.3517,2022-06-26
WT,0.0146,$17.96,0.0068,$8.37,0.0032,$3.91,0.0246,0.0040,0.0273,2.5%,7.5%,0.0104,0.025,0.0036,Main,NO,Mint,-0.0210,2022-06-26
LV,0.34,$413.72,0.0092,$11.14,0.0025,$3.09,0.3517,,0.3908,2.5%,7.5%,0.0117,0.3517,0,Ledger,"Transfer Received",Secondary,-0.3517,2022-06-26
NP,0,$0.00,0.0047,$5.78,0,$0.00,0.0047,,0.0048,2.5%,0.0%,0.0047,0.0047,0,Burner,NO,Mint,-0.0047,2022-06-26
WT,0.065,$78.24,0.0091,$10.95,0.0026,$3.09,0.0767,0.0240,0.0852,2.5%,7.5%,0.0141,0.0791,0.0216,Main,NO,Secondary,-0.0551,2022-06-27
NP,0.08,$92.94,0.0082,$9.56,0.0025,$2.83,0.0907,0.0210,0.1008,2.5%,7.5%,0.0128,0.0928,0.0189,Main,NO,Secondary,-0.0718,2022-06-28
WT,0.005,$11.87,0.0078,$8.99,0,$0.00,0.0128,,0.0141,2.5%,6.9%,0.0078,0.0128,0,Main,NO,Secondary,-0.0128,2022-06-28
WT,0.0045,$11.00,0.0078,$8.99,0,$0.00,0.0123,,0.0136,2.5%,6.9%,0.0078,0.0123,0,Main,NO,Secondary,-0.0123,2022-06-28
LV,0.3,$368.36,0.0053,$6.48,0,$0.00,0.3053,,0.33,2.5%,5.0%,0.0053,0.3053,0,Ledger,NO,Mint,-0.3053,2022-06-28
LV,0.27,$312.63,0.0039,$4.51,0.002,$2.35,0.2759,,0.2983,2.5%,5.0%,0.0059,0.2759,0,Ledger,NO,Secondary,-0.2759,2022-06-28
WT,0.085,$99.07,0.009,$10.51,0.002,$2.35,0.096,0.0499,0.1057,2.5%,6.7%,0.0156,0.1006,0.0453,Ledger,NO,Secondary,-0.0507,2022-06-28
WT,0.001,$1.10,0.0035,$3.85,0,$0.00,0.0045,,0.0051,2.5%,10.0%,0.0035,0.0045,0,Burner,NO,Mint,-0.0045,2022-06-29
WT,0.001,$1.10,0.0035,$3.85,0,$0.00,0.0045,,0.0051,2.5%,10.0%,0.0035,0.0045,0,Burner,NO,Mint,-0.0045,2022-06-29
NP,0,$0.00,0.0075,$7.73,0.0073,$7.49,0.0148,0.0799,0.0164,2.5%,7.5%,0.0228,0.0228,0.0719,Main,NO,Mint,0.0571,2022-06-30
FP,0.1,$103.03,0.0112,$11.57,0.0011,$1.18,0.1124,0.0110,0.1255,2.5%,8.0%,0.0135,0.1135,0.0098,Ledger,NO,Secondary,-0.1025,2022-06-30
NP,0.508,$554.43,0.0029,$3.10,0.0014,$1.55,0.5123,0.1395,0.5149,0.0%,0.5%,0.005,0.513,0.1388,Ledger,NO,Mint,-0.3735,2022-06-30
FP,0.0099,$10.26,0.0022,$2.24,0.0018,$1.87,0.0139,0.0089,0.0155,2.5%,7.5%,0.0049,0.0148,0.008,Burner,NO,Mint,-0.0059,2022-06-30
FP,0.0099,$10.26,0.0022,$2.24,0,$0.00,0.0121,,0.0134,2.5%,7.5%,0.0022,0.0121,0,Burner,NO,Mint,-0.0121,2022-06-30
FP,0.0099,$10.26,0.0022,$2.24,0,$0.00,0.0121,,0.0134,2.5%,7.5%,0.0022,0.0121,0,Burner,NO,Mint,-0.0121,2022-06-30
WT,0,$0.00,0.0016,$1.62,0.0006,$0.60,0.0021,,0.0024,2.5%,6.9%,0.0021,0.0021,0,Main,NO,Mint,-0.0021,2022-07-01
NP,0,$0.00,0.0086,$10.47,0.0025,$3.01,0.0111,0.0520,0.0126,2.5%,10.0%,0.0176,0.0176,0.0455,Main,NO,Mint,0.0344,2022-07-07
NP,0,$0.00,0.0038,$4.67,0.0028,$3.36,0.0066,0.0899,0.0075,2.5%,10.0%,0.0178,0.0178,0.0787,Main,NO,Mint,0.0721,2022-07-07
NP,0,$0.00,0.0088,$10.80,0.0036,$4.46,0.0124,0.0580,0.0127,2.5%,0.0%,0.0138,0.0138,0.0566,Ledger,NO,Mint,0.0442,2022-07-07
NP,0,$0.00,0.0083,$10.17,0.0027,$3.26,0.011,0.0570,0.0122,2.5%,7.5%,0.0167,0.0167,0.0513,Main,NO,Mint,0.0403,2022-07-09
NP,0.019,$23.13,0.0153,$18.65,0.0024,$2.89,0.0367,0.0089,0.0397,2.5%,5.0%,0.0184,0.0374,0.0082,Burner,NO,Secondary,-0.0285,2022-07-09
LV,0.04,$46.54,0.0091,$10.58,0.0009,$1.02,0.05,0.0088,0.0571,2.5%,10.0%,0.0111,0.0511,0.0077,Main,NO,Secondary,-0.0423,2022-07-10
LV,0,$0.00,0.0049,$5.72,0.0071,$8.38,0.012,0.0086,0.0133,2.5%,6.9%,0.0128,0.0128,0.0078,Main,NO,Mint,-0.0042,2022-07-10
WT,0.005,$2.95,0.0012,$1.36,0.0007,$0.88,0.0069,,0.0079,2.5%,10.0%,0.0019,0.0069,0,Main,NO,Mint,-0.0069,2022-07-10
WT,0.005,$2.95,0.0012,$1.36,0,$0.00,0.0062,,0.0071,2.5%,10.0%,0.0012,0.0062,0,Main,NO,Mint,-0.0062,2022-07-10
LV,0.2,$22.54,0.0016,$1.62,0.0006,$0.60,0.2021,2.2000,0.2231,2.5%,6.9%,0.2089,0.4089,1.9932,Main,NO,Mint,1.7911,2022-07-10
LV,0,$0.00,0.0045,$5.25,0.0014,$1.65,0.0059,0.0029,0.0065,2.5%,6.9%,0.0062,0.0062,0.0026,Burner,NO,Mint,-0.0033,2022-07-10
NP,0.029,$30.98,0.0049,$5.19,0.0007,$0.79,0.0346,,0.0355,2.5%,0.0%,0.0056,0.0346,0,Main,NO,Secondary,-0.0346,2022-07-12
AS,0.013,$17.86,0.008,$10.93,0.0017,$2.24,0.0226,0.0074,0.0251,2.5%,7.5%,0.0103,0.0233,0.0067,Main,NO,Secondary,-0.0159,2022-07-16
NP,0,$0.00,0.0009,$1.43,0,$0.00,0.0009,,0.001,2.5%,7.5%,0.0009,0.0009,0,Main,"Transfer Sent",Mint,-0.0009,2022-08-05
NP,0,$0.00,0.0009,$1.43,0.0008,$1.35,0.0016,,0.0018,2.5%,7.5%,0.0016,0.0016,0,Ledger,"Transfer Received",Mint,-0.0016,2022-08-05
NP,0,$0.00,0.0019,$3.18,0,$0.00,0.0019,,0.0021,2.5%,10.0%,0.0019,0.0019,0,Main,NO,Mint,-0.0019,2022-08-07
NP,0,$0.00,0,$0.00,0.0009,$1.52,0.0009,0.0309,0.001,2.5%,5.0%,0.0032,0.0032,0.0286,Main,NO,Airdrop,0.0277,2022-08-07
SG,0,$0.00,0,$0.00,0.0007,$1.18,0.0007,,0.0007,2.5%,5.0%,0.0007,0.0007,0,Ledger,NO,Airdrop,-0.0007,2022-08-07
AS,0.012,$22.54,0.0044,$8.24,0.0006,$1.18,0.017,0.0289,0.0188,2.5%,7.0%,0.0078,0.0198,0.0262,Main,NO,Secondary,0.0091,2022-08-10
NP,0.16,$22.54,0.0086,$10.47,0.0025,$3.01,0.1711,1.3000,0.1955,2.5%,10.0%,0.1736,0.3336,1.1375,Main,NO,Secondary,0.9664,2022-08-10
FP,0,$0.00,0.0026,$4.34,0,$0.00,0.0026,,0.0026,2.5%,0.0%,0.0026,0.0026,0,Main,NO,Mint,-0.0026,2022-08-19
FP,0,$0.00,0.0011,$1.89,0,$0.00,0.0011,,0.0011,2.5%,0.0%,0.0011,0.0011,0,Burner,NO,Mint,-0.0011,2022-08-20
NP,0,$0.00,0.0011,$1.75,0.0006,$0.94,0.0017,0.0290,0.0018,2.5%,5.0%,0.0039,0.0039,0.0268,Main,NO,Mint,0.0251,2022-08-23
NP,0,$0.00,0.002,$3.24,0.0014,$2.42,0.0034,0.0739,0.0036,2.5%,4.4%,0.0085,0.0085,0.0688,Burner,NO,Mint,0.0654,2022-08-23
WP,0.049,$74.65,0.0014,$2.09,0.0024,$3.67,0.0528,0.0770,0.0541,2.5%,0.0%,0.0057,0.0547,0.0751,Main,NO,Mint,0.0223,2022-08-30
WP,0.049,$74.65,0.0014,$2.09,0,$0.00,0.0504,0.0790,0.0517,2.5%,0.0%,0.0034,0.0524,0.077,Main,NO,Mint,0.0266,2022-08-30
WP,0.049,$74.65,0.0014,$2.09,0,$0.00,0.0504,0.1300,0.0517,2.5%,0.0%,0.0047,0.0537,0.1268,Main,NO,Mint,0.0763,2022-08-30
WP,0.085,$147.03,0.0103,$17.86,0.0015,$2.62,0.0968,0.1280,0.1076,2.5%,7.5%,0.0246,0.1096,0.1152,Main,NO,Mint,0.0184,2022-09-12
NP,0.0054,$9.22,0.0024,$4.04,0.0004,$0.72,0.0082,0.0011,0.0091,2.5%,7.5%,0.0029,0.0083,0.001,Main,NO,Secondary,-0.0072,2022-09-12
NP,0.8619,"$1,271.00",0,$0.00,0,$0.00,0.8619,,0.985,2.5%,10.0%,0,0.8619,0,Ledger,NO,Mint,-0.8619,2022-09-15
AS,0.0434,$61.97,0.002,$2.90,0.0004,$0.63,0.0459,0.0836,0.0461,0.5%,0.0%,0.0029,0.0463,0.0832,Burner,NO,Secondary,0.0373,2022-09-16
AS,0.04,$57.14,0.0021,$2.98,0,$0.00,0.0421,0.0750,0.0423,0.5%,0.0%,0.0025,0.0425,0.0746,Burner,NO,Secondary,0.0325,2022-09-16
NP,0.055,$78.35,0.0011,$1.53,0.0003,$0.42,0.0564,0.0490,0.0609,2.5%,5.0%,0.005,0.06,0.0453,Burner,NO,Secondary,-0.0110,2022-09-17
AS,0,$0.00,0.0016,$2.35,0,$0.00,0.0016,0.0680,0.0016,0.5%,0.0%,0.0019,0.0019,0.0677,Burner,NO,Secondary,0.0661,2022-09-17
WP,0.666,$904.02,0.0015,$1.99,0.0007,$0.95,0.6682,1.9600,0.7636,2.5%,10.0%,0.2472,0.9132,1.715,Main,NO,Mint,1.0468,2022-09-19
FP,0.1972,$267.88,0.0039,$5.31,0.0016,$2.16,0.2027,0.3380,0.2079,2.5%,0.0%,0.014,0.2112,0.3296,Main,NO,Mint,0.1268,2022-09-20
AS,0.021,$27.81,0.0032,$4.23,0.0003,$0.43,0.0245,0.0154,0.0251,2.5%,0.0%,0.0039,0.0249,0.015,Main,NO,Secondary,-0.0095,2022-09-20
WP,2.1,2.623.09,0.0027,$3.84,0.0005,$0.62,2.1032,2.4700,2.4037,2.5%,10.0%,0.312,2.412,2.1613,Ledger,NO,Secondary,0.0580,2022-09-21
WP,0.015,$19.39,0.0096,$12.37,0.0003,$0.44,0.0249,0.0330,0.0255,2.5%,0.0%,0.0107,0.0257,0.0322,Main,NO,Secondary,0.0073,2022-09-23
WP,0.016,$20.68,0.0066,$8.58,0,$0.00,0.0226,0.0490,0.0232,2.5%,0.0%,0.0079,0.0239,0.0478,Main,NO,Secondary,0.0251,2022-09-23
WP,0.045,$58.66,0.0073,$9.51,0,$0.00,0.0523,0.0540,0.0536,2.5%,0.0%,0.0086,0.0536,0.0527,Main,NO,Secondary,0.0004,2022-09-23
WP,0.1,$130.81,0.0065,$8.49,0,$0.00,0.1065,0.1450,0.1092,2.5%,0.0%,0.0101,0.1101,0.1414,Main,NO,Secondary,0.0349,2022-09-23
AS,0.045,$59.22,0.0025,$3.24,0.0002,$0.21,0.0476,0.0490,0.0488,2.5%,0.0%,0.0038,0.0488,0.0478,Main,NO,Secondary,0.0002,2022-09-24
AS,0.0047,$6.19,0.0012,$1.55,0.0002,$0.31,0.0061,0.0290,0.0063,2.5%,0.0%,0.0021,0.0068,0.0283,Main,NO,Secondary,0.0222,2022-09-24
AS,0.0111,$14.66,0.0006,$0.76,0,$0.00,0.0117,0.0384,0.012,2.5%,0.0%,0.0015,0.0126,0.0374,Main,NO,Secondary,0.0258,2022-09-24
AS,0.166,$215.74,0.0013,$1.68,0,$0.00,0.1673,0.1840,0.177,2.5%,3.0%,0.0114,0.1774,0.1739,Main,NO,Secondary,0.0066,2022-09-25
AS,0.015,$19.44,0.001,$1.32,0,$0.00,0.016,0.0065,0.0164,2.5%,0.0%,0.0012,0.0162,0.0063,Main,NO,Secondary,-0.0097,2022-09-25
AS,0.0085,$11.12,0.0011,$1.41,0.0002,$0.32,0.0098,,0.0101,2.5%,0.0%,0.0013,0.0098,0,Main,NO,Secondary,-0.0098,2022-09-25
NP,0.1,$132.91,0.0031,$4.13,0.0007,$0.97,0.1038,0.0599,0.1187,2.5%,10.0%,0.0113,0.1113,0.0524,Main,NO,Secondary,-0.0514,2022-09-30
LV,0,$0.00,0.0006,$0.83,0.0006,$0.73,0.0012,0.0149,0.0013,2.5%,7.5%,0.0026,0.0026,0.0134,Main,NO,Mint,0.0123,2022-10-01
LV,0,$0.00,0.0006,$0.83,0,$0.00,0.0006,0.0090,0.0007,2.5%,7.5%,0.0015,0.0015,0.0081,Main,NO,Mint,0.0075,2022-10-01
AS,0.014,$18.36,0.0022,$2.91,0.0004,$0.49,0.0166,0.0048,0.017,2.5%,0.0%,0.0027,0.0167,0.0047,Main,NO,Secondary,-0.0119,2022-10-01
AS,0.0029,$3.77,0.0016,$2.12,0.0004,$0.47,0.0049,0.0080,0.005,2.5%,0.0%,0.0022,0.0051,0.0078,Main,NO,Secondary,0.0029,2022-10-02
NP,0,$0.00,0.0064,$8.43,0,$0.00,0.0064,,0.0067,2.5%,2.5%,0.0064,0.0064,0,Main,NO,Mint,-0.0064,2022-10-03
NP,0,$0.00,0.0058,$7.71,0,$0.00,0.0058,,0.0061,2.5%,2.5%,0.0058,0.0058,0,Main,NO,Mint,-0.0058,2022-10-03
NP,0,$0.00,0.0053,$7.04,0,$0.00,0.0053,,0.0056,2.5%,2.5%,0.0053,0.0053,0,Main,NO,Mint,-0.0053,2022-10-03
NP,0,$0.00,0.0064,$8.47,0,$0.00,0.0064,,0.0067,2.5%,2.5%,0.0064,0.0064,0,Main,NO,Mint,-0.0064,2022-10-03
NP,0,$0.00,0.0068,$9.06,0,$0.00,0.0068,,0.0072,2.5%,2.5%,0.0068,0.0068,0,Main,NO,Mint,-0.0068,2022-10-03
NP,0,$0.00,0,$0.00,0.0009,$1.12,0.0009,0.2100,0.001,2.5%,7.5%,0.0219,0.0219,0.189,Main,NO,Airdrop,0.1881,2022-10-06
NP,0,$0.00,0,$0.00,0,$0.00,0,,0,2.5%,7.5%,0,0,0,Main,"Transfer Sent",Airdrop,0.0000,2022-10-06
NP,0,$0.00,0,$0.00,0.0008,$1.28,0.0008,,0.0009,2.5%,7.5%,0.0008,0.0008,0,Ledger,"Transfer Received",Airdrop,-0.0008,2022-10-06
NP,0,$0.00,0.0051,$6.81,0,$0.00,0.0051,,0.0053,2.5%,0.0%,0.0051,0.0051,0,Burner,NO,Mint,-0.0051,2022-10-09
NP,0.09,$22.54,0.0038,$4.67,0.0028,$3.36,0.0966,1.9000,0.1104,2.5%,10.0%,0.2441,0.3341,1.6625,Main,NO,Mint,1.5659,2022-10-10
M,0,$389.82,0.0041,$5.12,0.0032,$4.18,0.0073,,0.0079,2.5%,5.0%,0.0073,0.0073,0,Ledger,NO,Airdrop,-0.0073,2022-10-12
WP,0,$0.00,0.0019,$2.47,0,$0.00,0.0019,0.0000,0.002,2.5%,,0.0019,0.0019,0,Ledger,NO,Mint,-0.0019,2022-10-12
AS,0.02,$26.18,0.0041,$5.36,0.0009,$1.17,0.025,0.0330,0.0256,2.5%,0.0%,0.0058,0.0258,0.0322,Main,NO,Secondary,0.0072,2022-10-14
AS,0.176,$225.83,0.0039,$4.96,0.0009,$1.13,0.1807,0.1240,0.1854,2.5%,0.0%,0.0078,0.1838,0.1209,Main,NO,Secondary,-0.0598,2022-10-16
WP,0,$0.00,0.0012,$1.56,0,$0.00,0.0012,,0.0013,2.5%,5.0%,0.0012,0.0012,0,Burner,NO,Mint,-0.0012,2022-10-16
AS,0.0099,$13.02,0.002,$2.64,0.002,$2.52,0.0139,0.0025,0.0142,2.5%,0.0%,0.004,0.0139,0.0024,Burner,NO,Mint,-0.0114,2022-10-22
G,0,$0.00,0.0019,$2.96,0,$0.00,0.0019,,0.0021,2.5%,5.0%,0.0019,0.0019,0,Ledger,NO,Mint,-0.0019,2022-10-28
WP,0.2,$311.49,0.0041,$6.37,0.0057,$8.94,0.2098,0.7450,0.2268,2.5%,5.0%,0.0657,0.2657,0.6891,Main,NO,Secondary,0.4793,2022-11-02
WP,0.2,$311.49,0.0041,$6.37,0,$0.00,0.2041,0.5710,0.2093,2.5%,0.0%,0.0184,0.2184,0.5567,Main,NO,Secondary,0.3526,2022-11-02
WP,0.59,$962.91,0.0011,$1.80,0.0014,$2.26,0.5925,0.7250,0.6405,2.5%,5.0%,0.0569,0.6469,0.6706,Main,NO,Mint,0.0781,2022-11-06
NP,0,$0.00,0.001,$1.66,0.0008,$1.30,0.0018,0.0169,0.0021,2.5%,10.0%,0.0039,0.0039,0.0148,Main,NO,Mint,0.0130,2022-11-07
NP,0,$0.00,0.001,$1.66,0,$0.00,0.001,0.0169,0.0011,2.5%,10.0%,0.0031,0.0031,0.0148,Main,NO,Mint,0.0138,2022-11-07
WP,0.205,$325.36,0.0063,$9.97,0.0009,$1.04,0.2122,,0.2358,2.5%,7.5%,0.0072,0.2122,0,Ledger,NO,Secondary,-0.2122,2022-11-07
WP,0.205,$325.36,0.0063,$9.97,0,$0.00,0.2113,,0.2348,2.5%,7.5%,0.0063,0.2113,0,Ledger,NO,Secondary,-0.2113,2022-11-07
NP,0,$0.00,0.0016,$2.51,0,$0.00,0.0016,,0.0016,2.5%,0.0%,0.0016,0.0016,0,Burner,NO,Mint,-0.0016,2022-11-07
NP,0.012,$22.54,0.0083,$10.17,0.0027,$3.26,0.023,0.4000,0.0255,2.5%,7.5%,0.051,0.063,0.36,Main,NO,Mint,0.3370,2022-11-10
WP,0,$0.00,0.003,$4.01,0.0016,$2.44,0.0046,,0.0052,2.5%,10.0%,0.0046,0.0046,0,Main,NO,Mint,-0.0046,2022-11-10
AS,0.0137,$17.26,0.0066,$8.37,0.0011,$1.41,0.0215,0.0330,0.022,2.5%,0.0%,0.0086,0.0223,0.0322,Main,NO,Secondary,0.0107,2022-11-11
WP,0.018,$20.92,0.0019,$2.19,0,$0.00,0.0199,0.0294,0.022,2.5%,6.9%,0.0047,0.0227,0.0266,Main,NO,Mint,0.0067,2022-11-22
WP,0.018,$20.92,0.0019,$2.19,0,$0.00,0.0199,0.0294,0.022,2.5%,6.9%,0.0047,0.0227,0.0266,Main,NO,Mint,0.0067,2022-11-22
WP,0,$0.00,0.0021,$2.42,0.0009,$1.09,0.003,0.0398,0.0033,2.5%,5.0%,0.006,0.006,0.0368,Main,NO,Mint,0.0338,2022-11-23
NP,0,$0.00,0.0027,$3.12,0.0013,$1.55,0.004,0.0169,0.0045,2.5%,7.5%,0.0057,0.0057,0.0152,Main,NO,Mint,0.0112,2022-11-23
AS,0.19,$244.30,0.0026,$3.35,0.0006,$0.78,0.1932,0.1990,0.1982,2.5%,0.0%,0.0082,0.1982,0.194,Ledger,NO,Secondary,0.0008,2022-11-30
AS,0.0239,$30.53,0.0025,$3.26,0.0007,$0.92,0.0271,0.0289,0.0301,2.5%,7.5%,0.0061,0.03,0.026,Main,NO,Secondary,-0.0011,2022-12-02
AS,0.0239,$30.53,0.0025,$3.26,0,$0.00,0.0264,0.0384,0.0293,2.5%,7.5%,0.0063,0.0302,0.0346,Main,NO,Secondary,0.0082,2022-12-02
AS,0.018,$23.07,0.0037,$4.79,0.0013,$1.72,0.023,0.0277,0.0236,2.5%,0.0%,0.0057,0.0237,0.027,Main,NO,Secondary,0.0040,2022-12-02
AS,0.018,$23.07,0.0037,$4.79,0,$0.00,0.0217,0.0274,0.0223,2.5%,0.0%,0.0044,0.0224,0.0267,Main,NO,Secondary,0.0050,2022-12-02
AS,0.004,$5.21,0.0032,$4.08,0.0006,$0.82,0.0078,0.0013,0.008,2.5%,0.0%,0.0039,0.0079,0.0013,Main,NO,Secondary,-0.0066,2022-12-02
AS,0.004,$5.21,0.0032,$4.08,0,$0.00,0.0072,0.0013,0.0074,2.5%,0.0%,0.0032,0.0072,0.0013,Main,NO,Secondary,-0.0059,2022-12-02
AS,0.004,$5.21,0.0032,$4.08,0,$0.00,0.0072,0.0013,0.0074,2.5%,0.0%,0.0032,0.0072,0.0013,Main,NO,Secondary,-0.0059,2022-12-02
AS,0.004,$5.21,0.0032,$4.08,0,$0.00,0.0072,0.0013,0.0074,2.5%,0.0%,0.0032,0.0072,0.0013,Main,NO,Secondary,-0.0059,2022-12-02
AS,0.0047,$6.09,0.0036,$4.66,0,$0.00,0.0083,0.0010,0.0085,2.5%,0.0%,0.0036,0.0084,0.001,Main,NO,Secondary,-0.0074,2022-12-02
AS,0.0165,$21.28,0.0035,$4.52,0.001,$1.29,0.021,0.0001,0.0215,2.5%,0.0%,0.0045,0.021,0.0001,Main,NO,Secondary,-0.0209,2022-12-02
AS,0.07,$90.54,0.0028,$3.57,0.0007,$0.89,0.0734,0.0146,0.0753,2.5%,0.0%,0.0038,0.0738,0.0142,Main,NO,Secondary,-0.0592,2022-12-02
NP,0,$0.00,0.0008,$1.07,0.0005,$0.70,0.0013,0.0018,0.0014,2.5%,0.0%,0.0014,0.0014,0.0018,Main,NO,Mint,0.0004,2022-12-02
NP,0,$0.00,0.0008,$1.07,0,$0.00,0.0008,0.0018,0.0008,2.5%,0.0%,0.0008,0.0008,0.0018,Main,NO,Mint,0.0010,2022-12-02
WP,0.025,$31.35,0.0013,$1.59,0.0021,$0.74,0.0284,0.0010,0.0291,2.5%,0.0%,0.0034,0.0284,0.001,Main,NO,Mint,-0.0274,2022-12-04
AS,0.009,$11.47,0.0028,$3.62,0.0005,$2.57,0.0123,,0.0133,2.5%,5.0%,0.0033,0.0123,0,Main,NO,Secondary,-0.0123,2022-12-04
AS,0.0095,$12.10,0.0028,$3.62,0,$0.00,0.0123,,0.0133,2.5%,5.0%,0.0028,0.0123,0,Main,NO,Secondary,-0.0123,2022-12-04
NP,0.007,$8.82,0.0026,$3.32,0,$0.00,0.0096,,0.0099,2.5%,0.0%,0.0026,0.0096,0,Burner,NO,Mint,-0.0096,2022-12-04
NP,0.007,$8.82,0.0021,$2.66,0,$0.00,0.0091,,0.0093,2.5%,0.0%,0.0021,0.0091,0,Burner,NO,Mint,-0.0091,2022-12-04
WP,0,$0.00,0.0015,$1.90,0,$0.00,0.0015,0.0880,0.0017,2.5%,7.5%,0.0103,0.0103,0.0792,Main,NO,Mint,0.0777,2022-12-06
WP,0,$0.00,0.0015,$1.90,0.0011,$1.39,0.0026,0.0750,0.0029,2.5%,7.5%,0.0101,0.0101,0.0675,Main,NO,Mint,0.0649,2022-12-06
NP,0.021,$26.29,0.0021,$2.70,0.0009,$1.11,0.024,,0.0274,2.5%,10.0%,0.003,0.024,0,Main,NO,Mint,-0.0240,2022-12-06
WP,0,$0.00,0.0012,$1.51,0.001,$1.25,0.0022,0.0544,0.0024,2.5%,7.5%,0.0076,0.0076,0.049,Ledger,NO,Mint,0.0468,2022-12-06
WP,0,$0.00,0.0012,$1.51,0,$0.00,0.0012,,0.0013,2.5%,7.5%,0.0012,0.0012,0,Ledger,NO,Mint,-0.0012,2022-12-06
WP,0.018,$22.71,0.0011,$1.37,0.0018,$2.22,0.0209,0.0250,0.0231,2.5%,6.9%,0.0053,0.0233,0.0227,Main,NO,Mint,0.0017,2022-12-07
WP,0.018,$22.71,0.0011,$1.37,0,$0.00,0.0191,,0.0211,2.5%,6.9%,0.0011,0.0191,0,Main,NO,Mint,-0.0191,2022-12-07
WP,0,$0.00,0.0009,$1.16,0.0019,$2.43,0.0028,,0.003,2.5%,5.0%,0.0028,0.0028,0,Main,NO,Mint,-0.0028,2022-12-08
WP,0,$0.00,0.0009,$1.16,0,$0.00,0.0009,,0.001,2.5%,5.0%,0.0009,0.0009,0,Main,NO,Mint,-0.0009,2022-12-08
WP,0.25,$317.40,0.0049,$6.24,0.0016,$2.06,0.2565,0.3090,0.2631,2.5%,0.0%,0.0142,0.2642,0.3013,Main,NO,Mint,0.0448,2022-12-09
WP,0.25,$317.40,0.0049,$6.24,0,$0.00,0.2549,0.2745,0.2614,2.5%,0.0%,0.0118,0.2618,0.2676,Main,NO,Mint,0.0127,2022-12-09
NP,0.4,$22.54,0.0091,$10.58,0.0009,$1.02,0.41,2.6000,0.4685,2.5%,10.0%,0.335,0.735,2.275,Main,NO,Mint,1.8650,2022-12-10
AZ,0,$0.00,0.0021,$2.67,0.0009,$1.14,0.003,0.0040,0.0034,2.5%,10.0%,0.0035,0.0035,0.0035,Main,NO,Mint,0.0005,2022-12-11
WP,0.2,$254.42,0.0016,$2.03,0.0006,$0.80,0.2022,0.2360,0.2074,2.5%,0.0%,0.0081,0.2081,0.2301,Ledger,NO,Mint,0.0279,2022-12-11
AZ,0,$0.00,0.002,$2.54,0.0011,$1.41,0.0031,0.0004,0.0035,2.5%,10.0%,0.0032,0.0032,0.0004,Burner,NO,Mint,-0.0028,2022-12-11
WP,0.05,$63.51,0.0021,$2.63,0.0014,$1.78,0.0535,0.0597,0.059,2.5%,6.9%,0.0091,0.0591,0.0541,Main,NO,Mint,0.0006,2022-12-15
WP,0.05,$63.51,0.0021,$2.63,0,$0.00,0.0521,0.0624,0.0575,2.5%,6.9%,0.0079,0.0579,0.0565,Main,NO,Mint,0.0045,2022-12-15
WP,0,$0.00,0.0035,$4.27,0,$0.00,0.0035,,0.0036,2.5%,0.0%,0.0035,0.0035,0,Main,NO,Mint,-0.0035,2022-12-15
NP,0.1,$118.91,0.0011,$1.32,0.0022,$2.71,0.1033,0.0000,0.1181,2.5%,10.0%,0.0033,0.1033,0,Ledger,NO,Mint,-0.1033,2022-12-16
NP,0.1,$118.91,0.0011,$1.32,0,$0.00,0.1011,0.0000,0.1156,2.5%,10.0%,0.0011,0.1011,0,Ledger,NO,Mint,-0.1011,2022-12-16
NP,0.1,$118.91,0.0011,$1.32,0,$0.00,0.1011,0.0000,0.1156,2.5%,10.0%,0.0011,0.1011,0,Ledger,NO,Mint,-0.1011,2022-12-16
WP,0.1,$117.45,0.0012,$1.41,0.001,$1.13,0.1022,,0.1168,2.5%,10.0%,0.0022,0.1022,0,Ledger,NO,Mint,-0.1022,2022-12-19
WP,0.1,$117.45,0.0012,$1.41,0,$0.00,0.1012,,0.1157,2.5%,10.0%,0.0012,0.1012,0,Ledger,NO,Mint,-0.1012,2022-12-19
TW,0.099,$116.40,0.0024,$2.88,0.0011,$1.77,0.1026,,0.1172,2.5%,10.0%,0.0036,0.1026,0,Ledger,NO,Mint,-0.1026,2022-12-19
TW,0.04,$48.28,0.0013,$1.57,0.0013,$1.53,0.0426,0.0747,0.0473,2.5%,7.5%,0.01,0.05,0.0672,Main,NO,Mint,0.0247,2022-12-20
TW,0.04,$48.28,0.0013,$1.57,0,$0.00,0.0413,,0.0459,2.5%,7.5%,0.0013,0.0413,0,Main,NO,Mint,-0.0413,2022-12-20
NP,0,$0.00,0,$0.00,0,$0.00,0,,0,2.5%,10.0%,0,0,0,Ledger,NO,Mint,0.0000,2022-12-20
NP,0.0997,$120.82,0.0019,$2.34,0,$0.00,0.1016,0.0000,0.1161,2.5%,10.0%,0.0019,0.1016,0,Ledger,NO,Secondary,-0.1016,2022-12-20
NP,0.102,$123.59,0.0019,$2.34,0,$0.00,0.1039,0.0000,0.1188,2.5%,10.0%,0.0019,0.1039,0,Ledger,NO,Secondary,-0.1039,2022-12-20
NP,0.0997,$120.76,0.0017,$2.05,0,$0.00,0.1014,0.0000,0.1159,2.5%,10.0%,0.0017,0.1014,0,Ledger,NO,Secondary,-0.1014,2022-12-20
NP,0.1139,$138.02,0.0017,$2.10,0,$0.00,0.1156,0.0000,0.1322,2.5%,10.0%,0.0017,0.1156,0,Ledger,NO,Secondary,-0.1156,2022-12-20
NP,0.115,$139.36,0.0017,$2.10,0,$0.00,0.1167,0.0000,0.1334,2.5%,10.0%,0.0017,0.1167,0,Ledger,NO,Secondary,-0.1167,2022-12-20
AZ,0.0042,$5.07,0.0029,$3.49,0.0009,$1.07,0.0079,0.0067,0.0086,2.5%,5.0%,0.0043,0.0084,0.0062,Main,NO,Secondary,-0.0017,2022-12-21
AZ,0.0042,$5.07,0.0029,$3.49,0,$0.00,0.007,0.0067,0.0076,2.5%,5.0%,0.0034,0.0075,0.0062,Main,NO,Secondary,-0.0008,2022-12-21
AZ,0.0042,$5.07,0.0029,$3.49,0,$0.00,0.007,0.0067,0.0076,2.5%,5.0%,0.0034,0.0075,0.0062,Main,NO,Secondary,-0.0008,2022-12-21
NP,0,$0.00,0.0028,$3.41,0.0019,$2.30,0.0047,,0.0054,2.5%,10.0%,0.0047,0.0047,0,Ledger,NO,Mint,-0.0047,2022-12-21
NP,0,$0.00,0.0027,$3.27,0,$0.00,0.0027,,0.0031,2.5%,10.0%,0.0027,0.0027,0,Ledger,NO,Mint,-0.0027,2022-12-21
NP,0.02,$24.28,0.0052,$6.36,0.0009,$1.14,0.0262,0.0066,0.0268,2.5%,0.0%,0.0063,0.0263,0.0064,Main,NO,Secondary,-0.0197,2022-12-23
NP,0.02,$24.28,0.0052,$6.36,0,$0.00,0.0252,0.0067,0.0259,2.5%,0.0%,0.0054,0.0254,0.0065,Main,NO,Secondary,-0.0187,2022-12-23
AZ,0.002,$2.44,0.0004,$0.47,0.0008,$0.96,0.0032,0.0094,0.0033,2.5%,0.0%,0.0014,0.0034,0.0092,Main,NO,Mint,0.0060,2022-12-23
AZ,0.002,$2.44,0.0004,$0.47,0,$0.00,0.0024,0.0159,0.0024,2.5%,0.0%,0.0008,0.0028,0.0155,Main,NO,Mint,0.0131,2022-12-23
AZ,0.002,$2.44,0.0004,$0.47,0,$0.00,0.0024,0.0087,0.0024,2.5%,0.0%,0.0006,0.0026,0.0085,Main,NO,Mint,0.0061,2022-12-23
AZ,0.002,$2.44,0.0004,$0.47,0,$0.00,0.0024,0.0120,0.0024,2.5%,0.0%,0.0007,0.0027,0.0117,Main,NO,Mint,0.0093,2022-12-23
AZ,0.002,$2.43,0.0003,$0.35,0.0008,$1.03,0.0031,0.0100,0.0032,2.5%,0.0%,0.0014,0.0034,0.0098,Main,NO,Mint,0.0066,2022-12-25
AZ,0.002,$2.43,0.0003,$0.35,0,$0.00,0.0023,0.0100,0.0023,2.5%,0.0%,0.0005,0.0025,0.0098,Main,NO,Mint,0.0075,2022-12-25
AZ,0.002,$2.43,0.0003,$0.35,0,$0.00,0.0023,0.0100,0.0023,2.5%,0.0%,0.0005,0.0025,0.0098,Main,NO,Mint,0.0075,2022-12-25
AZ,0.002,$2.43,0.0003,$0.35,0,$0.00,0.0023,0.0100,0.0023,2.5%,0.0%,0.0005,0.0025,0.0098,Main,NO,Mint,0.0075,2022-12-25
AZ,0.002,$2.43,0.0003,$0.35,0,$0.00,0.0023,0.0100,0.0023,2.5%,0.0%,0.0005,0.0025,0.0098,Main,NO,Mint,0.0075,2022-12-25
NP,0,$0.00,0.0029,$4.82,0.0012,$1.86,0.0041,0.0000,0.0047,2.5%,10.0%,0.0041,0.0041,0,Main,NO,Mint,-0.0041,2022-12-29
AG,0.026,$31.10,0.0059,$7.02,0,$0.00,0.0319,,0.0364,2.5%,10.0%,0.0059,0.0319,0,Ledger,NO,Mint,-0.0319,2022-12-29
WP,0,$0.00,0.0021,$2.51,0,$0.00,0.0021,,0.0024,2.5%,10.0%,0.0021,0.0021,0,Ledger,NO,Mint,-0.0021,2022-12-31
WP,0,$0.00,0.002,$2.36,0,$0.00,0.002,0.0000,0.0022,2.5%,10.0%,0.002,0.002,0,Ledger,NO,Mint,-0.0020,2022-12-31
WP,0,$0.00,0.0021,$2.54,0.001,$1.51,0.0031,0.0190,0.0035,2.5%,10.0%,0.0055,0.0055,0.0166,Ledger,NO,Mint,0.0135,2022-12-31
